Name,X,Y,Z,ScaleX,ScaleY,ScaleZ,Rotation,ELEV1,ELEV2,DELEV
POINTVOL,0.0,0.0,-5.741987307595347,5.0,5.0,5.0,0.0,-5.742,-5.742,0.0
POINTVOL,0.0,5.0,-5.068899957438404,5.0,5.0,5.0,0.0,-5.0689,-5.0689,0.0
POINTVOL,0.0,10.0,-4.39581260728146,5.0,5.0,5.0,0.0,-4.3958,-4.3958,0.0
POINTVOL,0.0,15.0,-3.722725257124517,5.0,5.0,5.0,0.0,-3.7227,-3.7227,0.0
POINTVOL,0.0,20.0,-3.049637906967573,5.0,5.0,5.0,0.0,-3.0496,-3.0496,0.0
POINTVOL,0.0,25.0,-2.37655055681063,5.0,5.0,5.0,0.0,-2.3766,-2.3766,0.0
POINTVOL,0.0,30.0,-1.7034632066536868,5.0,5.0,5.0,0.0,-1.7035,-1.7035,0.0
POINTVOL,0.0,35.0,-1.030375856496743,5.0,5.0,5.0,0.0,-1.0304,-1.0304,0.0
POINTVOL,0.0,40.0,-0.35728850633979986,5.0,5.0,5.0,0.0,-0.3573,-0.3573,0.0
POINTVOL,0.0,45.0,0.3157988438171432,5.0,5.0,5.0,0.0,0.3158,0.3158,0.0
POINTVOL,0.0,50.0,0.9888861939740868,5.0,5.0,5.0,0.0,0.9889,0.9889,0.0
POINTVOL,0.0,55.0,1.6619735441310282,5.0,5.0,5.0,0.0,1.662,1.662,-0.0
POINTVOL,0.0,60.0,2.335060894287972,5.0,5.0,5.0,0.0,2.3351,2.3351,-0.0
POINTVOL,0.0,65.0,3.0081482444449157,5.0,5.0,5.0,0.0,3.0081,3.0081,-0.0
POINTVOL,0.0,70.0,3.681235594601858,5.0,5.0,5.0,0.0,3.6812,3.6812,-0.0
POINTVOL,0.0,75.0,4.354322944758802,5.0,5.0,5.0,0.0,4.3543,4.3543,0.0
POINTVOL,0.0,80.0,5.027410294915746,5.0,5.0,5.0,0.0,5.0274,5.0274,-0.0
POINTVOL,0.0,85.0,5.70049764507269,5.0,5.0,5.0,0.0,5.7005,5.7005,-0.0
POINTVOL,0.0,90.0,6.373584995229633,5.0,5.0,5.0,0.0,6.3736,6.3736,0.0
POINTVOL,0.0,95.0,7.046672345386577,5.0,5.0,5.0,0.0,7.0467,7.0467,0.0
POINTVOL,0.0,100.0,7.71975969554352,5.0,5.0,5.0,0.0,7.7198,7.7198,0.0
POINTVOL,5.0,0.0,-5.873722696347248,5.0,5.0,5.0,0.0,-5.8737,-5.8737,0.0
POINTVOL,5.0,5.0,-5.200635346190305,5.0,5.0,5.0,0.0,-5.2006,-5.2006,0.0
POINTVOL,5.0,10.0,-4.52754799603336,5.0,5.0,5.0,0.0,-4.5275,-4.5275,0.0
POINTVOL,5.0,15.0,-3.8544606458764172,5.0,5.0,5.0,0.0,-3.8545,-3.8545,0.0
POINTVOL,5.0,20.0,-3.1813732957194736,5.0,5.0,5.0,0.0,-3.1814,-3.1814,0.0
POINTVOL,5.0,25.0,-2.5082859455625304,5.0,5.0,5.0,0.0,-2.5083,-2.5083,0.0
POINTVOL,5.0,30.0,-1.8351985954055872,5.0,5.0,5.0,0.0,-1.8352,-1.8352,0.0
POINTVOL,5.0,35.0,-1.1624580033447605,5.0,5.0,5.0,0.0,-1.1625,-1.1621,-0.0003
POINTVOL,5.0,40.0,-0.48992828399781274,5.0,5.0,5.0,0.0,-0.4899,-0.489,-0.0009
POINTVOL,5.0,45.0,0.18260143534913503,5.0,5.0,5.0,0.0,0.1826,0.1841,-0.0015
POINTVOL,5.0,50.0,0.8552744375321716,5.0,5.0,5.0,0.0,0.8553,0.8572,-0.0019
POINTVOL,5.0,55.0,1.5286534115729309,5.0,5.0,5.0,0.0,1.5287,1.5302,-0.0016
POINTVOL,5.0,60.0,2.202032385613691,5.0,5.0,5.0,0.0,2.202,2.2033,-0.0013
POINTVOL,5.0,65.0,2.875411359654451,5.0,5.0,5.0,0.0,2.8754,2.8764,-0.001
POINTVOL,5.0,70.0,3.54879033369521,5.0,5.0,5.0,0.0,3.5488,3.5495,-0.0007
POINTVOL,5.0,75.0,4.22216930773597,5.0,5.0,5.0,0.0,4.2222,4.2226,-0.0004
POINTVOL,5.0,80.0,4.895548281776731,5.0,5.0,5.0,0.0,4.8955,4.8957,-0.0001
POINTVOL,5.0,85.0,5.5687622563207855,5.0,5.0,5.0,0.0,5.5688,5.5688,-0.0
POINTVOL,5.0,90.0,6.241849606477729,5.0,5.0,5.0,0.0,6.2418,6.2418,-0.0
POINTVOL,5.0,95.0,6.914936956634673,5.0,5.0,5.0,0.0,6.9149,6.9149,-0.0
POINTVOL,5.0,100.0,7.58802430679162,5.0,5.0,5.0,0.0,7.588,7.588,0.0
POINTVOL,10.0,0.0,-6.005458085099148,5.0,5.0,5.0,0.0,-6.0055,-6.0055,0.0
POINTVOL,10.0,5.0,-5.332370734942205,5.0,5.0,5.0,0.0,-5.3324,-5.3324,0.0
POINTVOL,10.0,10.0,-4.659283384785262,5.0,5.0,5.0,0.0,-4.6593,-4.6593,0.0
POINTVOL,10.0,15.0,-3.986331920010555,5.0,5.0,5.0,0.0,-3.9863,-3.9862,-0.0001
POINTVOL,10.0,20.0,-3.313802200663608,5.0,5.0,5.0,0.0,-3.3138,-3.3131,-0.0007
POINTVOL,10.0,25.0,-2.64127248131666,5.0,5.0,5.0,0.0,-2.6413,-2.64,-0.0013
POINTVOL,10.0,30.0,-1.9687427619697122,5.0,5.0,5.0,0.0,-1.9687,-1.9669,-0.0018
POINTVOL,10.0,35.0,-1.2962130426227652,5.0,5.0,5.0,0.0,-1.2962,-1.2938,-0.0024
POINTVOL,10.0,40.0,-0.6236833232758173,5.0,5.0,5.0,0.0,-0.6237,-0.6208,-0.0029
POINTVOL,10.0,45.0,0.04884639607113041,5.0,5.0,5.0,0.0,0.0488,0.0523,-0.0035
POINTVOL,10.0,50.0,0.7216626810902556,5.0,5.0,5.0,0.0,0.7217,0.7254,-0.0038
POINTVOL,10.0,55.0,1.395041655131015,5.0,5.0,5.0,0.0,1.395,1.3985,-0.0035
POINTVOL,10.0,60.0,2.0684206291717753,5.0,5.0,5.0,0.0,2.0684,2.0716,-0.0032
POINTVOL,10.0,65.0,2.741799603212535,5.0,5.0,5.0,0.0,2.7418,2.7447,-0.0029
POINTVOL,10.0,70.0,3.415178577253294,5.0,5.0,5.0,0.0,3.4152,3.4178,-0.0026
POINTVOL,10.0,75.0,4.088557551294055,5.0,5.0,5.0,0.0,4.0886,4.0909,-0.0023
POINTVOL,10.0,80.0,4.761936525334815,5.0,5.0,5.0,0.0,4.7619,4.7639,-0.002
POINTVOL,10.0,85.0,5.000000000000034,5.0,5.0,5.0,0.0,5.0,5.437,-0.437
POINTVOL,10.0,90.0,5.000000000000034,5.0,5.0,5.0,0.0,5.0,6.1101,-1.1101
POINTVOL,10.0,95.0,6.7832015678827755,5.0,5.0,5.0,0.0,6.7832,6.7832,0.0
POINTVOL,10.0,100.0,7.45628891803972,5.0,5.0,5.0,0.0,7.4563,7.4563,0.0
POINTVOL,15.0,0.0,-6.137193473851049,5.0,5.0,5.0,0.0,-6.1372,-6.1372,0.0
POINTVOL,15.0,5.0,-5.464106123694106,5.0,5.0,5.0,0.0,-5.4641,-5.4641,0.0
POINTVOL,15.0,10.0,-4.7910187735371625,5.0,5.0,5.0,0.0,-4.791,-4.791,0.0
POINTVOL,15.0,15.0,-2.4889977331186204,5.0,5.0,5.0,0.0,-2.489,-4.1179,1.6289
POINTVOL,15.0,20.0,-2.4889977331186204,5.0,5.0,5.0,0.0,-2.489,-3.4448,0.9558
POINTVOL,15.0,25.0,-2.4889977331186204,5.0,5.0,5.0,0.0,-2.489,-2.7718,0.2828
POINTVOL,15.0,30.0,-2.102497801247717,5.0,5.0,5.0,0.0,-2.1025,-2.0987,-0.0038
POINTVOL,15.0,35.0,-1.4299680819007698,5.0,5.0,5.0,0.0,-1.43,-1.4256,-0.0044
POINTVOL,15.0,40.0,-0.757438362553822,5.0,5.0,5.0,0.0,-0.7574,-0.7525,-0.0049
POINTVOL,15.0,45.0,-0.0849086432068742,5.0,5.0,5.0,0.0,-0.0849,-0.0794,-0.0055
POINTVOL,15.0,50.0,0.5880509246483385,5.0,5.0,5.0,0.0,0.5881,0.5937,-0.0056
POINTVOL,15.0,55.0,1.261429898689098,5.0,5.0,5.0,0.0,1.2614,1.2668,-0.0053
POINTVOL,15.0,60.0,1.9348088727298582,5.0,5.0,5.0,0.0,1.9348,1.9399,-0.005
POINTVOL,15.0,65.0,2.500000000000017,5.0,5.0,5.0,0.0,2.5,2.6129,-0.1129
POINTVOL,15.0,70.0,2.500000000000017,5.0,5.0,5.0,0.0,2.5,3.286,-0.786
POINTVOL,15.0,75.0,2.500000000000017,5.0,5.0,5.0,0.0,2.5,3.9591,-1.4591
POINTVOL,15.0,80.0,2.500000000000017,5.0,5.0,5.0,0.0,2.5,4.6322,-2.1322
POINTVOL,15.0,85.0,2.500000000000017,5.0,5.0,5.0,0.0,2.5,5.3053,-2.8053
POINTVOL,15.0,90.0,4.999999999999916,5.0,5.0,5.0,0.0,5.0,5.9784,-0.9784
POINTVOL,15.0,95.0,6.651466179130874,5.0,5.0,5.0,0.0,6.6515,6.6515,0.0
POINTVOL,15.0,100.0,7.324553529287819,5.0,5.0,5.0,0.0,7.3246,7.3246,0.0
POINTVOL,20.0,0.0,-6.26892886260295,5.0,5.0,5.0,0.0,-6.2689,-6.2689,0.0
POINTVOL,20.0,5.0,-5.595841512446007,5.0,5.0,5.0,0.0,-5.5958,-5.5958,0.0
POINTVOL,20.0,10.0,-4.922754162289064,5.0,5.0,5.0,0.0,-4.9228,-4.9228,-0.0
POINTVOL,20.0,15.0,-2.491230001053783,5.0,5.0,5.0,0.0,-2.4912,-4.2497,1.7584
POINTVOL,20.0,20.0,0.0,5.0,5.0,5.0,0.0,0.0,-3.5766,3.5766
POINTVOL,20.0,25.0,0.0,5.0,5.0,5.0,0.0,0.0,-2.9035,2.9035
POINTVOL,20.0,30.0,0.0,5.0,5.0,5.0,0.0,0.0,-2.2304,2.2304
POINTVOL,20.0,35.0,0.0,5.0,5.0,5.0,0.0,0.0,-1.5573,1.5573
POINTVOL,20.0,40.0,0.0,5.0,5.0,5.0,0.0,0.0,-0.8842,0.8842
POINTVOL,20.0,45.0,0.0,5.0,5.0,5.0,0.0,0.0,-0.2111,0.2111
POINTVOL,20.0,50.0,0.0,5.0,5.0,5.0,0.0,0.0,0.4619,-0.4619
POINTVOL,20.0,55.0,0.0,5.0,5.0,5.0,0.0,0.0,1.135,-1.135
POINTVOL,20.0,60.0,0.0,5.0,5.0,5.0,0.0,0.0,1.8081,-1.8081
POINTVOL,20.0,65.0,0.0,5.0,5.0,5.0,0.0,0.0,2.4812,-2.4812
POINTVOL,20.0,70.0,0.0,5.0,5.0,5.0,0.0,0.0,3.1543,-3.1543
POINTVOL,20.0,75.0,0.0,5.0,5.0,5.0,0.0,0.0,3.8274,-3.8274
POINTVOL,20.0,80.0,0.0,5.0,5.0,5.0,0.0,0.0,4.5005,-4.5005
POINTVOL,20.0,85.0,2.4999999999999245,5.0,5.0,5.0,0.0,2.5,5.1736,-2.6736
POINTVOL,20.0,90.0,4.999999999999916,5.0,5.0,5.0,0.0,5.0,5.8466,-0.8466
POINTVOL,20.0,95.0,6.519730790378974,5.0,5.0,5.0,0.0,6.5197,6.5197,0.0
POINTVOL,20.0,100.0,7.192818140535918,5.0,5.0,5.0,0.0,7.1928,7.1928,0.0
POINTVOL,25.0,0.0,-6.400664251354851,5.0,5.0,5.0,0.0,-6.4007,-6.4007,0.0
POINTVOL,25.0,5.0,-5.727576901197907,5.0,5.0,5.0,0.0,-5.7276,-5.7276,0.0
POINTVOL,25.0,10.0,-4.9846922700425305,5.0,5.0,5.0,0.0,-4.9847,-5.0545,0.0698
POINTVOL,25.0,15.0,-2.4934622689888393,5.0,5.0,5.0,0.0,-2.4935,-4.3814,1.8879
POINTVOL,25.0,20.0,0.0,5.0,5.0,5.0,0.0,0.0,-3.7083,3.7083
POINTVOL,25.0,25.0,0.0,5.0,5.0,5.0,0.0,0.0,-3.0352,3.0352
POINTVOL,25.0,30.0,0.0,5.0,5.0,5.0,0.0,0.0,-2.3621,2.3621
POINTVOL,25.0,35.0,0.0,5.0,5.0,5.0,0.0,0.0,-1.6891,1.6891
POINTVOL,25.0,40.0,0.0,5.0,5.0,5.0,0.0,0.0,-1.016,1.016
POINTVOL,25.0,45.0,0.0,5.0,5.0,5.0,0.0,0.0,-0.3429,0.3429
POINTVOL,25.0,50.0,0.0,5.0,5.0,5.0,0.0,0.0,0.3302,-0.3302
POINTVOL,25.0,55.0,0.0,5.0,5.0,5.0,0.0,0.0,1.0033,-1.0033
POINTVOL,25.0,60.0,0.0,5.0,5.0,5.0,0.0,0.0,1.6764,-1.6764
POINTVOL,25.0,65.0,0.0,5.0,5.0,5.0,0.0,0.0,2.3495,-2.3495
POINTVOL,25.0,70.0,0.0,5.0,5.0,5.0,0.0,0.0,3.0226,-3.0226
POINTVOL,25.0,75.0,0.0,5.0,5.0,5.0,0.0,0.0,3.6956,-3.6956
POINTVOL,25.0,80.0,0.0,5.0,5.0,5.0,0.0,0.0,4.3687,-4.3687
POINTVOL,25.0,85.0,2.4999999999999196,5.0,5.0,5.0,0.0,2.5,5.0418,-2.5418
POINTVOL,25.0,90.0,4.99999999999991,5.0,5.0,5.0,0.0,5.0,5.7149,-0.7149
POINTVOL,25.0,95.0,6.387995401627073,5.0,5.0,5.0,0.0,6.388,6.388,0.0
POINTVOL,25.0,100.0,7.061082751784018,5.0,5.0,5.0,0.0,7.0611,7.0611,0.0
POINTVOL,30.0,0.0,-6.5323996401067514,5.0,5.0,5.0,0.0,-6.5324,-6.5324,0.0
POINTVOL,30.0,5.0,-5.859312289949808,5.0,5.0,5.0,0.0,-5.8593,-5.8593,0.0
POINTVOL,30.0,10.0,-4.986924537977587,5.0,5.0,5.0,0.0,-4.9869,-5.1862,0.1993
POINTVOL,30.0,15.0,-2.4956945369238954,5.0,5.0,5.0,0.0,-2.4957,-4.5131,2.0174
POINTVOL,30.0,20.0,0.0,5.0,5.0,5.0,0.0,0.0,-3.8401,3.8401
POINTVOL,30.0,25.0,0.0,5.0,5.0,5.0,0.0,0.0,-3.167,3.167
POINTVOL,30.0,30.0,0.0,5.0,5.0,5.0,0.0,0.0,-2.4939,2.4939
POINTVOL,30.0,35.0,0.0,5.0,5.0,5.0,0.0,0.0,-1.8208,1.8208
POINTVOL,30.0,40.0,0.0,5.0,5.0,5.0,0.0,0.0,-1.1477,1.1477
POINTVOL,30.0,45.0,0.0,5.0,5.0,5.0,0.0,0.0,-0.4746,0.4746
POINTVOL,30.0,50.0,0.0,5.0,5.0,5.0,0.0,0.0,0.1985,-0.1985
POINTVOL,30.0,55.0,0.0,5.0,5.0,5.0,0.0,0.0,0.8716,-0.8716
POINTVOL,30.0,60.0,0.0,5.0,5.0,5.0,0.0,0.0,1.5446,-1.5446
POINTVOL,30.0,65.0,0.0,5.0,5.0,5.0,0.0,0.0,2.2177,-2.2177
POINTVOL,30.0,70.0,0.0,5.0,5.0,5.0,0.0,0.0,2.8908,-2.8908
POINTVOL,30.0,75.0,0.0,5.0,5.0,5.0,0.0,0.0,3.5639,-3.5639
POINTVOL,30.0,80.0,0.0,5.0,5.0,5.0,0.0,0.0,4.237,-4.237
POINTVOL,30.0,85.0,2.4999999999999196,5.0,5.0,5.0,0.0,2.5,4.9101,-2.4101
POINTVOL,30.0,90.0,4.99999999999991,5.0,5.0,5.0,0.0,5.0,5.5832,-0.5832
POINTVOL,30.0,95.0,6.256260012875173,5.0,5.0,5.0,0.0,6.2563,6.2563,0.0
POINTVOL,30.0,100.0,6.929347363032117,5.0,5.0,5.0,0.0,6.9293,6.9293,0.0
POINTVOL,35.0,0.0,-6.664135028858652,5.0,5.0,5.0,0.0,-6.6641,-6.6641,0.0
POINTVOL,35.0,5.0,-5.991047678701709,5.0,5.0,5.0,0.0,-5.991,-5.991,0.0
POINTVOL,35.0,10.0,-4.989156805912643,5.0,5.0,5.0,0.0,-4.9892,-5.318,0.3288
POINTVOL,35.0,15.0,-2.497926804858951,5.0,5.0,5.0,0.0,-2.4979,-4.6449,2.1469
POINTVOL,35.0,20.0,0.0,5.0,5.0,5.0,0.0,0.0,-3.9718,3.9718
POINTVOL,35.0,25.0,0.0,5.0,5.0,5.0,0.0,0.0,-3.2987,3.2987
POINTVOL,35.0,30.0,0.0,5.0,5.0,5.0,0.0,0.0,-2.6256,2.6256
POINTVOL,35.0,35.0,0.0,5.0,5.0,5.0,0.0,0.0,-1.9525,1.9525
POINTVOL,35.0,40.0,0.0,5.0,5.0,5.0,0.0,0.0,-1.2794,1.2794
POINTVOL,35.0,45.0,0.0,5.0,5.0,5.0,0.0,0.0,-0.6063,0.6063
POINTVOL,35.0,50.0,0.0,5.0,5.0,5.0,0.0,0.0,0.0667,-0.0667
POINTVOL,35.0,55.0,0.0,5.0,5.0,5.0,0.0,0.0,0.7398,-0.7398
POINTVOL,35.0,60.0,0.0,5.0,5.0,5.0,0.0,0.0,1.4129,-1.4129
POINTVOL,35.0,65.0,0.0,5.0,5.0,5.0,0.0,0.0,2.086,-2.086
POINTVOL,35.0,70.0,0.0,5.0,5.0,5.0,0.0,0.0,2.7591,-2.7591
POINTVOL,35.0,75.0,0.0,5.0,5.0,5.0,0.0,0.0,3.4322,-3.4322
POINTVOL,35.0,80.0,0.0,5.0,5.0,5.0,0.0,0.0,4.1053,-4.1053
POINTVOL,35.0,85.0,2.4999999999999196,5.0,5.0,5.0,0.0,2.5,4.7783,-2.2783
POINTVOL,35.0,90.0,4.99999999999991,5.0,5.0,5.0,0.0,5.0,5.4514,-0.4514
POINTVOL,35.0,95.0,6.124524624123272,5.0,5.0,5.0,0.0,6.1245,6.1245,0.0
POINTVOL,35.0,100.0,6.797611974280216,5.0,5.0,5.0,0.0,6.7976,6.7976,0.0
POINTVOL,40.0,0.0,-6.795870417610552,5.0,5.0,5.0,0.0,-6.7959,-6.7959,0.0
POINTVOL,40.0,5.0,-6.122783067453609,5.0,5.0,5.0,0.0,-6.1228,-6.1228,0.0
POINTVOL,40.0,10.0,-4.9913890738476985,5.0,5.0,5.0,0.0,-4.9914,-5.4497,0.4583
POINTVOL,40.0,15.0,-2.5000000000000946,5.0,5.0,5.0,0.0,-2.5,-4.7766,2.2766
POINTVOL,40.0,20.0,0.0,5.0,5.0,5.0,0.0,0.0,-4.1035,4.1035
POINTVOL,40.0,25.0,0.0,5.0,5.0,5.0,0.0,0.0,-3.4304,3.4304
POINTVOL,40.0,30.0,0.0,5.0,5.0,5.0,0.0,0.0,-2.7573,2.7573
POINTVOL,40.0,35.0,0.0,5.0,5.0,5.0,0.0,0.0,-2.0843,2.0843
POINTVOL,40.0,40.0,0.0,5.0,5.0,5.0,0.0,0.0,-1.4112,1.4112
POINTVOL,40.0,45.0,0.0,5.0,5.0,5.0,0.0,0.0,-0.7381,0.7381
POINTVOL,40.0,50.0,0.0,5.0,5.0,5.0,0.0,0.0,-0.065,0.065
POINTVOL,40.0,55.0,0.0,5.0,5.0,5.0,0.0,0.0,0.6081,-0.6081
POINTVOL,40.0,60.0,0.0,5.0,5.0,5.0,0.0,0.0,1.2812,-1.2812
POINTVOL,40.0,65.0,0.0,5.0,5.0,5.0,0.0,0.0,1.9543,-1.9543
POINTVOL,40.0,70.0,0.0,5.0,5.0,5.0,0.0,0.0,2.6274,-2.6274
POINTVOL,40.0,75.0,0.0,5.0,5.0,5.0,0.0,0.0,3.3004,-3.3004
POINTVOL,40.0,80.0,0.0,5.0,5.0,5.0,0.0,0.0,3.9735,-3.9735
POINTVOL,40.0,85.0,2.4999999999999196,5.0,5.0,5.0,0.0,2.5,4.6466,-2.1466
POINTVOL,40.0,90.0,4.99999999999991,5.0,5.0,5.0,0.0,5.0,5.3197,-0.3197
POINTVOL,40.0,95.0,5.992789235371371,5.0,5.0,5.0,0.0,5.9928,5.9928,0.0
POINTVOL,40.0,100.0,6.6658765855283155,5.0,5.0,5.0,0.0,6.6659,6.6659,0.0
POINTVOL,45.0,0.0,-6.927605806362453,5.0,5.0,5.0,0.0,-6.9276,-6.9276,0.0
POINTVOL,45.0,5.0,-6.25451845620551,5.0,5.0,5.0,0.0,-6.2545,-6.2545,-0.0
POINTVOL,45.0,10.0,-4.993621341782754,5.0,5.0,5.0,0.0,-4.9936,-5.5814,0.5878
POINTVOL,45.0,15.0,-2.5000000000000946,5.0,5.0,5.0,0.0,-2.5,-4.9083,2.4083
POINTVOL,45.0,20.0,0.0,5.0,5.0,5.0,0.0,0.0,-4.2353,4.2353
POINTVOL,45.0,25.0,0.0,5.0,5.0,5.0,0.0,0.0,-3.5622,3.5622
POINTVOL,45.0,30.0,0.0,5.0,5.0,5.0,0.0,0.0,-2.8891,2.8891
POINTVOL,45.0,35.0,0.0,5.0,5.0,5.0,0.0,0.0,-2.216,2.216
POINTVOL,45.0,40.0,0.0,5.0,5.0,5.0,0.0,0.0,-1.5429,1.5429
POINTVOL,45.0,45.0,0.0,5.0,5.0,5.0,0.0,0.0,-0.8698,0.8698
POINTVOL,45.0,50.0,0.0,5.0,5.0,5.0,0.0,0.0,-0.1967,0.1967
POINTVOL,45.0,55.0,0.0,5.0,5.0,5.0,0.0,0.0,0.4764,-0.4764
POINTVOL,45.0,60.0,0.0,5.0,5.0,5.0,0.0,0.0,1.1494,-1.1494
POINTVOL,45.0,65.0,0.0,5.0,5.0,5.0,0.0,0.0,1.8225,-1.8225
POINTVOL,45.0,70.0,0.0,5.0,5.0,5.0,0.0,0.0,2.4956,-2.4956
POINTVOL,45.0,75.0,0.0,5.0,5.0,5.0,0.0,0.0,3.1687,-3.1687
POINTVOL,45.0,80.0,0.0,5.0,5.0,5.0,0.0,0.0,3.8418,-3.8418
POINTVOL,45.0,85.0,2.4999999999999196,5.0,5.0,5.0,0.0,2.5,4.5149,-2.0149
POINTVOL,45.0,90.0,4.99999999999991,5.0,5.0,5.0,0.0,5.0,5.188,-0.188
POINTVOL,45.0,95.0,5.861053846619471,5.0,5.0,5.0,0.0,5.8611,5.8611,0.0
POINTVOL,45.0,100.0,6.534141196776415,5.0,5.0,5.0,0.0,6.5341,6.5341,0.0
POINTVOL,50.0,0.0,-7.059341195114353,5.0,5.0,5.0,0.0,-7.0593,-7.0593,0.0
POINTVOL,50.0,5.0,-6.386253844957411,5.0,5.0,5.0,0.0,-6.3863,-6.3863,-0.0
POINTVOL,50.0,10.0,-4.995853609717812,5.0,5.0,5.0,0.0,-4.9959,-5.7132,0.7173
POINTVOL,50.0,15.0,-2.5000000000000946,5.0,5.0,5.0,0.0,-2.5,-5.0401,2.5401
POINTVOL,50.0,20.0,0.0,5.0,5.0,5.0,0.0,0.0,-4.367,4.367
POINTVOL,50.0,25.0,0.0,5.0,5.0,5.0,0.0,0.0,-3.6939,3.6939
POINTVOL,50.0,30.0,0.0,5.0,5.0,5.0,0.0,0.0,-3.0208,3.0208
POINTVOL,50.0,35.0,0.0,5.0,5.0,5.0,0.0,0.0,-2.3477,2.3477
POINTVOL,50.0,40.0,0.0,5.0,5.0,5.0,0.0,0.0,-1.6746,1.6746
POINTVOL,50.0,45.0,0.0,5.0,5.0,5.0,0.0,0.0,-1.0016,1.0016
POINTVOL,50.0,50.0,0.0,5.0,5.0,5.0,0.0,0.0,-0.3285,0.3285
POINTVOL,50.0,55.0,0.0,5.0,5.0,5.0,0.0,0.0,0.3446,-0.3446
POINTVOL,50.0,60.0,0.0,5.0,5.0,5.0,0.0,0.0,1.0177,-1.0177
POINTVOL,50.0,65.0,0.0,5.0,5.0,5.0,0.0,0.0,1.6908,-1.6908
POINTVOL,50.0,70.0,0.0,5.0,5.0,5.0,0.0,0.0,2.3639,-2.3639
POINTVOL,50.0,75.0,0.0,5.0,5.0,5.0,0.0,0.0,3.037,-3.037
POINTVOL,50.0,80.0,0.0,5.0,5.0,5.0,0.0,0.0,3.7101,-3.7101
POINTVOL,50.0,85.0,2.4999999999999174,5.0,5.0,5.0,0.0,2.5,4.3831,-1.8831
POINTVOL,50.0,90.0,4.99999999999991,5.0,5.0,5.0,0.0,5.0,5.0562,-0.0562
POINTVOL,50.0,95.0,5.72931845786757,5.0,5.0,5.0,0.0,5.7293,5.7293,0.0
POINTVOL,50.0,100.0,6.402405808024514,5.0,5.0,5.0,0.0,6.4024,6.4024,0.0
POINTVOL,55.0,0.0,-7.191076583866254,5.0,5.0,5.0,0.0,-7.1911,-7.1911,0.0
POINTVOL,55.0,5.0,-6.517989233709312,5.0,5.0,5.0,0.0,-6.518,-6.518,-0.0
POINTVOL,55.0,10.0,-4.998085877652868,5.0,5.0,5.0,0.0,-4.9981,-5.8449,0.8468
POINTVOL,55.0,15.0,-2.5000000000000946,5.0,5.0,5.0,0.0,-2.5,-5.1718,2.6718
POINTVOL,55.0,20.0,0.0,5.0,5.0,5.0,0.0,0.0,-4.4987,4.4987
POINTVOL,55.0,25.0,0.0,5.0,5.0,5.0,0.0,0.0,-3.8256,3.8256
POINTVOL,55.0,30.0,0.0,5.0,5.0,5.0,0.0,0.0,-3.1526,3.1526
POINTVOL,55.0,35.0,0.0,5.0,5.0,5.0,0.0,0.0,-2.4795,2.4795
POINTVOL,55.0,40.0,0.0,5.0,5.0,5.0,0.0,0.0,-1.8064,1.8064
POINTVOL,55.0,45.0,0.0,5.0,5.0,5.0,0.0,0.0,-1.1333,1.1333
POINTVOL,55.0,50.0,0.0,5.0,5.0,5.0,0.0,0.0,-0.4602,0.4602
POINTVOL,55.0,55.0,0.0,5.0,5.0,5.0,0.0,0.0,0.2129,-0.2129
POINTVOL,55.0,60.0,0.0,5.0,5.0,5.0,0.0,0.0,0.886,-0.886
POINTVOL,55.0,65.0,0.0,5.0,5.0,5.0,0.0,0.0,1.5591,-1.5591
POINTVOL,55.0,70.0,0.0,5.0,5.0,5.0,0.0,0.0,2.2321,-2.2321
POINTVOL,55.0,75.0,0.0,5.0,5.0,5.0,0.0,0.0,2.9052,-2.9052
POINTVOL,55.0,80.0,0.0,5.0,5.0,5.0,0.0,0.0,3.5783,-3.5783
POINTVOL,55.0,85.0,2.4999999999999174,5.0,5.0,5.0,0.0,2.5,4.2514,-1.7514
POINTVOL,55.0,90.0,4.924495718958723,5.0,5.0,5.0,0.0,4.9245,4.9245,-0.0
POINTVOL,55.0,95.0,5.597583069115669,5.0,5.0,5.0,0.0,5.5976,5.5976,0.0
POINTVOL,55.0,100.0,6.270670419272613,5.0,5.0,5.0,0.0,6.2707,6.2707,0.0
POINTVOL,60.0,0.0,-7.3228119726181555,5.0,5.0,5.0,0.0,-7.3228,-7.3228,-0.0
POINTVOL,60.0,5.0,-6.649724622461213,5.0,5.0,5.0,0.0,-6.6497,-6.6497,-0.0
POINTVOL,60.0,10.0,-5.000000000000096,5.0,5.0,5.0,0.0,-5.0,-5.9766,0.9766
POINTVOL,60.0,15.0,-2.5000000000000946,5.0,5.0,5.0,0.0,-2.5,-5.3035,2.8035
POINTVOL,60.0,20.0,0.0,5.0,5.0,5.0,0.0,0.0,-4.6305,4.6305
POINTVOL,60.0,25.0,0.0,5.0,5.0,5.0,0.0,0.0,-3.9574,3.9574
POINTVOL,60.0,30.0,0.0,5.0,5.0,5.0,0.0,0.0,-3.2843,3.2843
POINTVOL,60.0,35.0,0.0,5.0,5.0,5.0,0.0,0.0,-2.6112,2.6112
POINTVOL,60.0,40.0,0.0,5.0,5.0,5.0,0.0,0.0,-1.9381,1.9381
POINTVOL,60.0,45.0,0.0,5.0,5.0,5.0,0.0,0.0,-1.265,1.265
POINTVOL,60.0,50.0,0.0,5.0,5.0,5.0,0.0,0.0,-0.5919,0.5919
POINTVOL,60.0,55.0,0.0,5.0,5.0,5.0,0.0,0.0,0.0811,-0.0811
POINTVOL,60.0,60.0,0.0,5.0,5.0,5.0,0.0,0.0,0.7542,-0.7542
POINTVOL,60.0,65.0,0.0,5.0,5.0,5.0,0.0,0.0,1.4273,-1.4273
POINTVOL,60.0,70.0,0.0,5.0,5.0,5.0,0.0,0.0,2.1004,-2.1004
POINTVOL,60.0,75.0,0.0,5.0,5.0,5.0,0.0,0.0,2.7735,-2.7735
POINTVOL,60.0,80.0,0.0,5.0,5.0,5.0,0.0,0.0,3.4466,-3.4466
POINTVOL,60.0,85.0,2.4999999999999174,5.0,5.0,5.0,0.0,2.5,4.1197,-1.6197
POINTVOL,60.0,90.0,4.792760330206823,5.0,5.0,5.0,0.0,4.7928,4.7928,-0.0
POINTVOL,60.0,95.0,5.465847680363768,5.0,5.0,5.0,0.0,5.4658,5.4658,0.0
POINTVOL,60.0,100.0,6.138935030520712,5.0,5.0,5.0,0.0,6.1389,6.1389,0.0
POINTVOL,65.0,0.0,-7.4545473613700555,5.0,5.0,5.0,0.0,-7.4545,-7.4545,-0.0
POINTVOL,65.0,5.0,-6.781460011213115,5.0,5.0,5.0,0.0,-6.7815,-6.7815,-0.0
POINTVOL,65.0,10.0,-5.000000000000096,5.0,5.0,5.0,0.0,-5.0,-6.1084,1.1084
POINTVOL,65.0,15.0,-2.5000000000000053,5.0,5.0,5.0,0.0,-2.5,-5.4353,2.9353
POINTVOL,65.0,20.0,-2.5000000000000053,5.0,5.0,5.0,0.0,-2.5,-4.7622,2.2622
POINTVOL,65.0,25.0,-2.5000000000000053,5.0,5.0,5.0,0.0,-2.5,-4.0891,1.5891
POINTVOL,65.0,30.0,-2.5000000000000053,5.0,5.0,5.0,0.0,-2.5,-3.416,0.916
POINTVOL,65.0,35.0,-2.5000000000000053,5.0,5.0,5.0,0.0,-2.5,-2.7429,0.2429
POINTVOL,65.0,40.0,-2.0698485601145133,5.0,5.0,5.0,0.0,-2.0698,-2.0698,-0.0
POINTVOL,65.0,45.0,-1.3967612099575701,5.0,5.0,5.0,0.0,-1.3968,-1.3968,-0.0
POINTVOL,65.0,50.0,-0.7236738598006266,5.0,5.0,5.0,0.0,-0.7237,-0.7237,-0.0
POINTVOL,65.0,55.0,-0.05058650964368316,5.0,5.0,5.0,0.0,-0.0506,-0.0506,-0.0
POINTVOL,65.0,60.0,0.6225008405132595,5.0,5.0,5.0,0.0,0.6225,0.6225,-0.0
POINTVOL,65.0,65.0,1.2955881906702034,5.0,5.0,5.0,0.0,1.2956,1.2956,-0.0
POINTVOL,65.0,70.0,1.9686755408271475,5.0,5.0,5.0,0.0,1.9687,1.9687,-0.0
POINTVOL,65.0,75.0,2.4999999999999933,5.0,5.0,5.0,0.0,2.5,2.6418,-0.1418
POINTVOL,65.0,80.0,2.4999999999999933,5.0,5.0,5.0,0.0,2.5,3.3149,-0.8149
POINTVOL,65.0,85.0,2.4999999999999933,5.0,5.0,5.0,0.0,2.5,3.9879,-1.4879
POINTVOL,65.0,90.0,4.661024941454921,5.0,5.0,5.0,0.0,4.661,4.661,-0.0
POINTVOL,65.0,95.0,5.334112291611868,5.0,5.0,5.0,0.0,5.3341,5.3341,0.0
POINTVOL,65.0,100.0,6.007199641768811,5.0,5.0,5.0,0.0,6.0072,6.0072,0.0
POINTVOL,70.0,0.0,-7.586282750121956,5.0,5.0,5.0,0.0,-7.5863,-7.5863,0.0
POINTVOL,70.0,5.0,-6.913195399965016,5.0,5.0,5.0,0.0,-6.9132,-6.9132,-0.0
POINTVOL,70.0,10.0,-5.000000000000014,5.0,5.0,5.0,0.0,-5.0,-6.2401,1.2401
POINTVOL,70.0,15.0,-5.000000000000014,5.0,5.0,5.0,0.0,-5.0,-5.567,0.567
POINTVOL,70.0,20.0,-4.893933349494188,5.0,5.0,5.0,0.0,-4.8939,-4.8939,-0.0
POINTVOL,70.0,25.0,-4.220845999337245,5.0,5.0,5.0,0.0,-4.2208,-4.2208,-0.0
POINTVOL,70.0,30.0,-3.547758649180301,5.0,5.0,5.0,0.0,-3.5478,-3.5478,-0.0
POINTVOL,70.0,35.0,-2.874671299023358,5.0,5.0,5.0,0.0,-2.8747,-2.8747,-0.0
POINTVOL,70.0,40.0,-2.201583948866414,5.0,5.0,5.0,0.0,-2.2016,-2.2016,-0.0
POINTVOL,70.0,45.0,-1.5284965987094707,5.0,5.0,5.0,0.0,-1.5285,-1.5285,-0.0
POINTVOL,70.0,50.0,-0.8554092485525274,5.0,5.0,5.0,0.0,-0.8554,-0.8554,-0.0
POINTVOL,70.0,55.0,-0.18232189839558383,5.0,5.0,5.0,0.0,-0.1823,-0.1823,-0.0
POINTVOL,70.0,60.0,0.49076545176135883,5.0,5.0,5.0,0.0,0.4908,0.4908,-0.0
POINTVOL,70.0,65.0,1.1638528019183028,5.0,5.0,5.0,0.0,1.1639,1.1639,-0.0
POINTVOL,70.0,70.0,1.8369401520752466,5.0,5.0,5.0,0.0,1.8369,1.8369,-0.0
POINTVOL,70.0,75.0,2.5100275022321905,5.0,5.0,5.0,0.0,2.51,2.51,-0.0
POINTVOL,70.0,80.0,3.1831148523891333,5.0,5.0,5.0,0.0,3.1831,3.1831,-0.0
POINTVOL,70.0,85.0,3.8562022025460787,5.0,5.0,5.0,0.0,3.8562,3.8562,-0.0
POINTVOL,70.0,90.0,4.529289552703022,5.0,5.0,5.0,0.0,4.5293,4.5293,-0.0
POINTVOL,70.0,95.0,5.202376902859967,5.0,5.0,5.0,0.0,5.2024,5.2024,0.0
POINTVOL,70.0,100.0,5.8754642530169106,5.0,5.0,5.0,0.0,5.8755,5.8755,0.0
POINTVOL,75.0,0.0,-7.718018138873857,5.0,5.0,5.0,0.0,-7.718,-7.718,-0.0
POINTVOL,75.0,5.0,-7.044930788716916,5.0,5.0,5.0,0.0,-7.0449,-7.0449,-0.0
POINTVOL,75.0,10.0,-6.371843438559973,5.0,5.0,5.0,0.0,-6.3718,-6.3718,-0.0
POINTVOL,75.0,15.0,-5.69875608840303,5.0,5.0,5.0,0.0,-5.6988,-5.6988,-0.0
POINTVOL,75.0,20.0,-5.025668738246088,5.0,5.0,5.0,0.0,-5.0257,-5.0257,-0.0
POINTVOL,75.0,25.0,-4.352581388089145,5.0,5.0,5.0,0.0,-4.3526,-4.3526,-0.0
POINTVOL,75.0,30.0,-3.679494037932201,5.0,5.0,5.0,0.0,-3.6795,-3.6795,-0.0
POINTVOL,75.0,35.0,-3.0064066877752573,5.0,5.0,5.0,0.0,-3.0064,-3.0064,-0.0
POINTVOL,75.0,40.0,-2.333319337618314,5.0,5.0,5.0,0.0,-2.3333,-2.3333,-0.0
POINTVOL,75.0,45.0,-1.6602319874613707,5.0,5.0,5.0,0.0,-1.6602,-1.6602,-0.0
POINTVOL,75.0,50.0,-0.9871446373044271,5.0,5.0,5.0,0.0,-0.9871,-0.9871,-0.0
POINTVOL,75.0,55.0,-0.31405728714748327,5.0,5.0,5.0,0.0,-0.3141,-0.3141,-0.0
POINTVOL,75.0,60.0,0.3590300630094594,5.0,5.0,5.0,0.0,0.359,0.359,-0.0
POINTVOL,75.0,65.0,1.0321174131664033,5.0,5.0,5.0,0.0,1.0321,1.0321,-0.0
POINTVOL,75.0,70.0,1.705204763323348,5.0,5.0,5.0,0.0,1.7052,1.7052,-0.0
POINTVOL,75.0,75.0,2.378292113480292,5.0,5.0,5.0,0.0,2.3783,2.3783,0.0
POINTVOL,75.0,80.0,3.0513794636372347,5.0,5.0,5.0,0.0,3.0514,3.0514,-0.0
POINTVOL,75.0,85.0,3.7244668137941788,5.0,5.0,5.0,0.0,3.7245,3.7245,-0.0
POINTVOL,75.0,90.0,4.397554163951122,5.0,5.0,5.0,0.0,4.3976,4.3976,0.0
POINTVOL,75.0,95.0,5.070641514108065,5.0,5.0,5.0,0.0,5.0706,5.0706,0.0
POINTVOL,75.0,100.0,5.743728864265011,5.0,5.0,5.0,0.0,5.7437,5.7437,0.0
POINTVOL,80.0,0.0,-7.849753527625756,5.0,5.0,5.0,0.0,-7.8498,-7.8498,0.0
POINTVOL,80.0,5.0,-7.176666177468812,5.0,5.0,5.0,0.0,-7.1767,-7.1767,0.0
POINTVOL,80.0,10.0,-6.50357882731187,5.0,5.0,5.0,0.0,-6.5036,-6.5036,0.0
POINTVOL,80.0,15.0,-5.8304914771549265,5.0,5.0,5.0,0.0,-5.8305,-5.8305,0.0
POINTVOL,80.0,20.0,-5.157404126997983,5.0,5.0,5.0,0.0,-5.1574,-5.1574,0.0
POINTVOL,80.0,25.0,-4.484316776841041,5.0,5.0,5.0,0.0,-4.4843,-4.4843,0.0
POINTVOL,80.0,30.0,-3.8112294266840974,5.0,5.0,5.0,0.0,-3.8112,-3.8112,0.0
POINTVOL,80.0,35.0,-3.138142076527154,5.0,5.0,5.0,0.0,-3.1381,-3.1381,0.0
POINTVOL,80.0,40.0,-2.4650547263702114,5.0,5.0,5.0,0.0,-2.4651,-2.4651,0.0
POINTVOL,80.0,45.0,-1.791967376213268,5.0,5.0,5.0,0.0,-1.792,-1.792,0.0
POINTVOL,80.0,50.0,-1.1188800260563265,5.0,5.0,5.0,0.0,-1.1189,-1.1189,-0.0
POINTVOL,80.0,55.0,-0.44579267589938254,5.0,5.0,5.0,0.0,-0.4458,-0.4458,0.0
POINTVOL,80.0,60.0,0.22729467425755986,5.0,5.0,5.0,0.0,0.2273,0.2273,-0.0
POINTVOL,80.0,65.0,0.900382024414504,5.0,5.0,5.0,0.0,0.9004,0.9004,-0.0
POINTVOL,80.0,70.0,1.573469374571448,5.0,5.0,5.0,0.0,1.5735,1.5735,0.0
POINTVOL,80.0,75.0,2.246556724728392,5.0,5.0,5.0,0.0,2.2466,2.2466,0.0
POINTVOL,80.0,80.0,2.9196440748853343,5.0,5.0,5.0,0.0,2.9196,2.9196,0.0
POINTVOL,80.0,85.0,3.5927314250422784,5.0,5.0,5.0,0.0,3.5927,3.5927,0.0
POINTVOL,80.0,90.0,4.2658187751992225,5.0,5.0,5.0,0.0,4.2658,4.2658,0.0
POINTVOL,80.0,95.0,4.938906125356165,5.0,5.0,5.0,0.0,4.9389,4.9389,0.0
POINTVOL,80.0,100.0,5.611993475513109,5.0,5.0,5.0,0.0,5.612,5.612,0.0
