Name,X,Y,Z,ScaleX,ScaleY,ScaleZ,Rotation,ELEV1,ELEV2,DELEV
POINTVOL,0.0,0.0,927.9245937889418,25.0,25.0,25.0,0.0,927.9246,927.9246,0.0
POINTVOL,0.0,25.0,931.0264160947861,25.0,25.0,25.0,0.0,931.0264,931.0264,0.0
POINTVOL,0.0,50.0,936.2091174236185,25.0,25.0,25.0,0.0,936.2091,936.2091,0.0
POINTVOL,0.0,75.0,936.756666666692,25.0,25.0,25.0,0.0,936.7567,936.7567,0.0
POINTVOL,0.0,100.0,935.3033333333575,25.0,25.0,25.0,0.0,935.3033,935.3033,-0.0
POINTVOL,0.0,125.0,934.97133333336,25.0,25.0,25.0,0.0,934.9713,934.9713,0.0
POINTVOL,0.0,150.0,935.3082634724153,25.0,25.0,25.0,0.0,935.3083,935.3083,0.0
POINTVOL,0.0,175.0,933.9444587949046,25.0,25.0,25.0,0.0,933.9445,933.9445,0.0
POINTVOL,0.0,200.0,931.4433833698446,25.0,25.0,25.0,0.0,931.4434,931.4434,0.0
POINTVOL,0.0,225.0,929.5854768497777,25.0,25.0,25.0,0.0,929.5855,929.5855,0.0
POINTVOL,0.0,250.0,928.5618325426178,25.0,25.0,25.0,0.0,928.5618,928.5618,0.0
POINTVOL,0.0,275.0,927.9768579676592,25.0,25.0,25.0,0.0,927.9769,927.9769,0.0
POINTVOL,0.0,300.0,929.0967347601226,25.0,25.0,25.0,0.0,929.0967,929.0967,0.0
POINTVOL,0.0,325.0,930.0,25.0,25.0,25.0,0.0,930.0,930.0,0.0
POINTVOL,0.0,350.0,930.9407842201126,25.0,25.0,25.0,0.0,930.9408,930.9408,0.0
POINTVOL,25.0,0.0,928.6518488338914,25.0,25.0,25.0,0.0,928.6518,928.6518,0.0
POINTVOL,25.0,25.0,932.4364809107731,25.0,25.0,25.0,0.0,932.4365,932.4365,0.0
POINTVOL,25.0,50.0,937.6869051493735,25.0,25.0,25.0,0.0,937.6869,937.6869,0.0
POINTVOL,25.0,75.0,939.38999999992,25.0,25.0,25.0,0.0,939.39,939.39,0.0
POINTVOL,25.0,100.0,940.2700000000507,25.0,25.0,25.0,0.0,940.27,940.27,-0.0
POINTVOL,25.0,125.0,939.9930000000231,25.0,25.0,25.0,0.0,939.993,939.993,0.0
POINTVOL,25.0,150.0,939.5679418242211,25.0,25.0,25.0,0.0,939.5679,939.5679,0.0
POINTVOL,25.0,175.0,938.2337510220793,25.0,25.0,25.0,0.0,938.2338,938.2338,0.0
POINTVOL,25.0,200.0,934.5918897364103,25.0,25.0,25.0,0.0,934.5919,934.5919,0.0
POINTVOL,25.0,225.0,931.3982903981033,25.0,25.0,25.0,0.0,931.3983,931.3983,0.0
POINTVOL,25.0,250.0,929.7872607094199,25.0,25.0,25.0,0.0,929.7873,929.7873,0.0
POINTVOL,25.0,275.0,928.9821702534568,25.0,25.0,25.0,0.0,928.9822,928.9822,0.0
POINTVOL,25.0,300.0,928.6003765444277,25.0,25.0,25.0,0.0,928.6004,928.6004,0.0
POINTVOL,25.0,325.0,929.7775133691383,25.0,25.0,25.0,0.0,929.7775,929.7775,0.0
POINTVOL,25.0,350.0,929.9572281059076,25.0,25.0,25.0,0.0,929.9572,929.9572,0.0
POINTVOL,50.0,0.0,929.5410230698695,25.0,25.0,25.0,0.0,929.541,929.541,0.0
POINTVOL,50.0,25.0,934.8830783939841,25.0,25.0,25.0,0.0,934.8831,934.8831,0.0
POINTVOL,50.0,50.0,939.618539669222,25.0,25.0,25.0,0.0,939.6185,939.6185,0.0
POINTVOL,50.0,75.0,942.3256159044231,25.0,25.0,25.0,0.0,942.3256,942.3256,0.0
POINTVOL,50.0,100.0,944.0000000000156,25.0,25.0,25.0,0.0,944.0,944.0,0.0
POINTVOL,50.0,125.0,944.245333333332,25.0,25.0,25.0,0.0,944.2453,944.2453,0.0
POINTVOL,50.0,150.0,944.0233046671427,25.0,25.0,25.0,0.0,944.0233,944.0233,0.0
POINTVOL,50.0,175.0,941.8755287153036,25.0,25.0,25.0,0.0,941.8755,941.8755,0.0
POINTVOL,50.0,200.0,937.453188631519,25.0,25.0,25.0,0.0,937.4532,937.4532,0.0
POINTVOL,50.0,225.0,934.2673688466692,25.0,25.0,25.0,0.0,934.2674,934.2674,0.0
POINTVOL,50.0,250.0,933.8901006223754,25.0,25.0,25.0,0.0,933.8901,933.8901,0.0
POINTVOL,50.0,275.0,929.6183946397242,25.0,25.0,25.0,0.0,929.6184,929.6184,0.0
POINTVOL,50.0,300.0,928.9971341502734,25.0,25.0,25.0,0.0,928.9971,928.9971,0.0
POINTVOL,50.0,325.0,929.468443210241,25.0,25.0,25.0,0.0,929.4684,929.4684,0.0
POINTVOL,50.0,350.0,930.278536100948,25.0,25.0,25.0,0.0,930.2785,930.2785,0.0
POINTVOL,75.0,0.0,931.3748080441082,25.0,25.0,25.0,0.0,931.3748,931.3748,0.0
POINTVOL,75.0,25.0,938.3055608189983,25.0,25.0,25.0,0.0,938.3056,938.3056,0.0
POINTVOL,75.0,50.0,945.1865560904132,25.0,25.0,25.0,0.0,945.1866,943.8089,1.3777
POINTVOL,75.0,75.0,946.9333333333332,25.0,25.0,25.0,0.0,946.9333,945.9161,1.0172
POINTVOL,75.0,100.0,947.760008792425,25.0,25.0,25.0,0.0,947.76,947.76,0.0
POINTVOL,75.0,125.0,948.1536505374296,25.0,25.0,25.0,0.0,948.1537,948.1537,0.0
POINTVOL,75.0,150.0,947.5592692519403,25.0,25.0,25.0,0.0,947.5593,947.5593,0.0
POINTVOL,75.0,175.0,944.3829476661076,25.0,25.0,25.0,0.0,944.3829,944.3829,0.0
POINTVOL,75.0,200.0,939.0134172462309,25.0,25.0,25.0,0.0,939.0134,939.0134,0.0
POINTVOL,75.0,225.0,936.5902635955607,25.0,25.0,25.0,0.0,936.5903,936.5903,0.0
POINTVOL,75.0,250.0,939.0350823714307,25.0,25.0,25.0,0.0,939.0351,939.0351,0.0
POINTVOL,75.0,275.0,934.3971479000885,25.0,25.0,25.0,0.0,934.3971,934.3971,0.0
POINTVOL,75.0,300.0,929.9163485465298,25.0,25.0,25.0,0.0,929.9163,929.9163,0.0
POINTVOL,75.0,325.0,929.3352570648726,25.0,25.0,25.0,0.0,929.3353,929.3353,0.0
POINTVOL,75.0,350.0,929.6385368982017,25.0,25.0,25.0,0.0,929.6385,929.6385,0.0
POINTVOL,100.0,0.0,933.9005005203048,25.0,25.0,25.0,0.0,933.9005,933.9005,0.0
POINTVOL,100.0,25.0,942.3288316499084,25.0,25.0,25.0,0.0,942.3288,942.3288,0.0
POINTVOL,100.0,50.0,956.4833333327858,25.0,25.0,25.0,0.0,956.4833,947.1051,9.3782
POINTVOL,100.0,75.0,963.5999999999749,25.0,25.0,25.0,0.0,963.6,950.1,13.5
POINTVOL,100.0,100.0,963.6000000000163,25.0,25.0,25.0,0.0,963.6,952.16,11.44
POINTVOL,100.0,125.0,963.0000000000244,25.0,25.0,25.0,0.0,963.0,951.928,11.072
POINTVOL,100.0,150.0,955.8833333338954,25.0,25.0,25.0,0.0,955.8833,950.3074,5.5759
POINTVOL,100.0,175.0,946.826883033884,25.0,25.0,25.0,0.0,946.8269,946.8269,0.0
POINTVOL,100.0,200.0,939.3289971028323,25.0,25.0,25.0,0.0,939.329,939.329,0.0
POINTVOL,100.0,225.0,939.7702160702731,25.0,25.0,25.0,0.0,939.7702,939.7702,0.0
POINTVOL,100.0,250.0,942.5140102502737,25.0,25.0,25.0,0.0,942.514,942.514,0.0
POINTVOL,100.0,275.0,941.4617348357164,25.0,25.0,25.0,0.0,941.4617,941.4617,0.0
POINTVOL,100.0,300.0,936.9327632025448,25.0,25.0,25.0,0.0,936.9328,936.9328,0.0
POINTVOL,100.0,325.0,932.082284449733,25.0,25.0,25.0,0.0,932.0823,932.0823,0.0
POINTVOL,100.0,350.0,929.8602484474134,25.0,25.0,25.0,0.0,929.8602,929.8602,0.0
POINTVOL,125.0,0.0,937.5444692358933,25.0,25.0,25.0,0.0,937.5445,937.5448,-0.0003
POINTVOL,125.0,25.0,946.2335900931713,25.0,25.0,25.0,0.0,946.2336,946.2336,0.0
POINTVOL,125.0,50.0,956.9833333328045,25.0,25.0,25.0,0.0,956.9833,950.9995,5.9838
POINTVOL,125.0,75.0,964.0999999999773,25.0,25.0,25.0,0.0,964.1,953.88,10.22
POINTVOL,125.0,100.0,964.1000000000187,25.0,25.0,25.0,0.0,964.1,955.3767,8.7233
POINTVOL,125.0,125.0,963.5000000000254,25.0,25.0,25.0,0.0,963.5,954.3387,9.1613
POINTVOL,125.0,150.0,956.3833333338813,25.0,25.0,25.0,0.0,956.3833,952.0511,4.3323
POINTVOL,125.0,175.0,947.9778441426347,25.0,25.0,25.0,0.0,947.9778,947.9778,0.0
POINTVOL,125.0,200.0,938.8399610109343,25.0,25.0,25.0,0.0,938.84,938.84,0.0
POINTVOL,125.0,225.0,943.0290527976514,25.0,25.0,25.0,0.0,943.0291,943.0291,0.0
POINTVOL,125.0,250.0,946.4541773198443,25.0,25.0,25.0,0.0,946.4542,946.4542,0.0
POINTVOL,125.0,275.0,947.6679924006288,25.0,25.0,25.0,0.0,947.668,947.668,0.0
POINTVOL,125.0,300.0,943.5848716562969,25.0,25.0,25.0,0.0,943.5849,943.5849,0.0
POINTVOL,125.0,325.0,939.2061601037216,25.0,25.0,25.0,0.0,939.2062,939.2062,0.0
POINTVOL,125.0,350.0,932.9774873934199,25.0,25.0,25.0,0.0,932.9775,932.9775,0.0
POINTVOL,150.0,0.0,941.600974891893,25.0,25.0,25.0,0.0,941.601,941.601,0.0
POINTVOL,150.0,25.0,951.0043536910669,25.0,25.0,25.0,0.0,951.0044,951.0044,0.0
POINTVOL,150.0,50.0,957.4833333328515,25.0,25.0,25.0,0.0,957.4833,956.0887,1.3946
POINTVOL,150.0,75.0,964.5999999999763,25.0,25.0,25.0,0.0,964.6,957.5013,7.0987
POINTVOL,150.0,100.0,964.6000000000179,25.0,25.0,25.0,0.0,964.6,957.6733,6.9267
POINTVOL,150.0,125.0,964.000000000026,25.0,25.0,25.0,0.0,964.0,953.2414,10.7586
POINTVOL,150.0,150.0,956.8833333338849,25.0,25.0,25.0,0.0,956.8833,949.0389,7.8445
POINTVOL,150.0,175.0,945.4391760819514,25.0,25.0,25.0,0.0,945.4392,945.4392,0.0
POINTVOL,150.0,200.0,943.593145278199,25.0,25.0,25.0,0.0,943.5931,943.5931,0.0
POINTVOL,150.0,225.0,948.2724990953305,25.0,25.0,25.0,0.0,948.2725,948.2725,0.0
POINTVOL,150.0,250.0,951.0961748682547,25.0,25.0,25.0,0.0,951.0962,951.0962,0.0
POINTVOL,150.0,275.0,951.8609544207035,25.0,25.0,25.0,0.0,951.861,951.861,0.0
POINTVOL,150.0,300.0,949.6218111843125,25.0,25.0,25.0,0.0,949.6218,949.6218,0.0
POINTVOL,150.0,325.0,943.9603040869275,25.0,25.0,25.0,0.0,943.9603,943.9603,0.0
POINTVOL,150.0,350.0,937.6200080813093,25.0,25.0,25.0,0.0,937.62,937.62,0.0
POINTVOL,175.0,0.0,947.4600187742536,25.0,25.0,25.0,0.0,947.46,947.46,0.0
POINTVOL,175.0,25.0,955.6620551186128,25.0,25.0,25.0,0.0,955.6621,955.6621,0.0
POINTVOL,175.0,50.0,959.150422037165,25.0,25.0,25.0,0.0,959.1504,959.1504,0.0
POINTVOL,175.0,75.0,965.0999999999761,25.0,25.0,25.0,0.0,965.1,960.478,4.622
POINTVOL,175.0,100.0,965.1000000000187,25.0,25.0,25.0,0.0,965.1,959.51,5.59
POINTVOL,175.0,125.0,964.5000000000268,25.0,25.0,25.0,0.0,964.5,954.87,9.63
POINTVOL,175.0,150.0,957.3833333338916,25.0,25.0,25.0,0.0,957.3833,950.0102,7.3732
POINTVOL,175.0,175.0,945.1057965579669,25.0,25.0,25.0,0.0,945.1058,945.1058,0.0
POINTVOL,175.0,200.0,948.3784946155038,25.0,25.0,25.0,0.0,948.3785,948.3785,0.0
POINTVOL,175.0,225.0,952.4992917988332,25.0,25.0,25.0,0.0,952.4993,952.4993,0.0
POINTVOL,175.0,250.0,954.6202057455779,25.0,25.0,25.0,0.0,954.6202,954.6202,0.0
POINTVOL,175.0,275.0,954.9937681665535,25.0,25.0,25.0,0.0,954.9938,954.9938,0.0
POINTVOL,175.0,300.0,952.9579380885209,25.0,25.0,25.0,0.0,952.9579,952.9579,0.0
POINTVOL,175.0,325.0,948.0063930842412,25.0,25.0,25.0,0.0,948.0064,948.0064,0.0
POINTVOL,175.0,350.0,941.6217248553678,25.0,25.0,25.0,0.0,941.6217,941.6217,0.0
POINTVOL,200.0,0.0,952.3359333509463,25.0,25.0,25.0,0.0,952.3359,952.3359,0.0
POINTVOL,200.0,25.0,959.7059020678776,25.0,25.0,25.0,0.0,959.7059,959.7059,0.0
POINTVOL,200.0,50.0,962.0633038345869,25.0,25.0,25.0,0.0,962.0633,962.0633,0.0
POINTVOL,200.0,75.0,965.6208333333157,25.0,25.0,25.0,0.0,965.6208,962.2417,3.3791
POINTVOL,200.0,100.0,965.6000000000163,25.0,25.0,25.0,0.0,965.6,960.81,4.79
POINTVOL,200.0,125.0,965.0000000000226,25.0,25.0,25.0,0.0,965.0,955.34,9.66
POINTVOL,200.0,150.0,957.8833333338499,25.0,25.0,25.0,0.0,957.8833,950.8087,7.0747
POINTVOL,200.0,175.0,947.7853794035358,25.0,25.0,25.0,0.0,947.7854,947.7854,0.0
POINTVOL,200.0,200.0,952.1221269905149,25.0,25.0,25.0,0.0,952.1221,952.1221,0.0
POINTVOL,200.0,225.0,955.6900790296481,25.0,25.0,25.0,0.0,955.6901,955.6901,0.0
POINTVOL,200.0,250.0,957.4246641699183,25.0,25.0,25.0,0.0,957.4247,957.4247,0.0
POINTVOL,200.0,275.0,957.9946924901577,25.0,25.0,25.0,0.0,957.9947,957.9947,0.0
POINTVOL,200.0,300.0,955.6133791587079,25.0,25.0,25.0,0.0,955.6134,955.6134,0.0
POINTVOL,200.0,325.0,951.0203049516317,25.0,25.0,25.0,0.0,951.0203,951.0203,0.0
POINTVOL,200.0,350.0,944.9549574240114,25.0,25.0,25.0,0.0,944.955,944.955,0.0
POINTVOL,225.0,0.0,955.3428012543641,25.0,25.0,25.0,0.0,955.3428,955.3429,-0.0001
POINTVOL,225.0,25.0,961.7963454894888,25.0,25.0,25.0,0.0,961.7963,961.7963,0.0
POINTVOL,225.0,50.0,965.4033541352954,25.0,25.0,25.0,0.0,965.4034,965.4034,0.0
POINTVOL,225.0,75.0,966.1604166666524,25.0,25.0,25.0,0.0,966.1604,964.4024,1.758
POINTVOL,225.0,100.0,966.1000000000163,25.0,25.0,25.0,0.0,966.1,961.31,4.79
POINTVOL,225.0,125.0,965.5000000000213,25.0,25.0,25.0,0.0,965.5,955.4015,10.0985
POINTVOL,225.0,150.0,958.3833333337983,25.0,25.0,25.0,0.0,958.3833,949.9916,8.3918
POINTVOL,225.0,175.0,951.0662000503935,25.0,25.0,25.0,0.0,951.0662,951.0662,0.0
POINTVOL,225.0,200.0,955.0626559411036,25.0,25.0,25.0,0.0,955.0627,955.0627,0.0
POINTVOL,225.0,225.0,957.7246299570246,25.0,25.0,25.0,0.0,957.7246,957.7246,0.0
POINTVOL,225.0,250.0,960.1142228898922,25.0,25.0,25.0,0.0,960.1142,960.1142,0.0
POINTVOL,225.0,275.0,960.4859119608307,25.0,25.0,25.0,0.0,960.4859,960.4859,0.0
POINTVOL,225.0,300.0,957.6122836316177,25.0,25.0,25.0,0.0,957.6123,957.6123,0.0
POINTVOL,225.0,325.0,953.962263733581,25.0,25.0,25.0,0.0,953.9623,953.9623,0.0
POINTVOL,225.0,350.0,948.4832955165923,25.0,25.0,25.0,0.0,948.4833,948.4831,0.0002
POINTVOL,250.0,0.0,958.7236530595087,25.0,25.0,25.0,0.0,958.7237,958.7237,0.0
POINTVOL,250.0,25.0,963.8902219673549,25.0,25.0,25.0,0.0,963.8902,963.8902,0.0
POINTVOL,250.0,50.0,966.1999999999903,25.0,25.0,25.0,0.0,966.2,966.9508,-0.7508
POINTVOL,250.0,75.0,966.6999999999899,25.0,25.0,25.0,0.0,966.7,966.104,0.596
POINTVOL,250.0,100.0,966.6000000000116,25.0,25.0,25.0,0.0,966.6,960.91,5.69
POINTVOL,250.0,125.0,966.000000000019,25.0,25.0,25.0,0.0,966.0,954.8116,11.1884
POINTVOL,250.0,150.0,958.8833333337997,25.0,25.0,25.0,0.0,958.8833,952.8326,6.0507
POINTVOL,250.0,175.0,954.0112163175856,25.0,25.0,25.0,0.0,954.0112,954.0112,0.0
POINTVOL,250.0,200.0,956.8630323010258,25.0,25.0,25.0,0.0,956.863,956.863,0.0
POINTVOL,250.0,225.0,959.5660524427266,25.0,25.0,25.0,0.0,959.5661,959.5661,0.0
POINTVOL,250.0,250.0,960.9902898788354,25.0,25.0,25.0,0.0,960.9903,960.9903,0.0
POINTVOL,250.0,275.0,960.7456956586718,25.0,25.0,25.0,0.0,960.7457,960.7457,0.0
POINTVOL,250.0,300.0,959.0734322532337,25.0,25.0,25.0,0.0,959.0734,959.0734,0.0
POINTVOL,250.0,325.0,955.5962941680206,25.0,25.0,25.0,0.0,955.5963,955.5963,0.0
POINTVOL,250.0,350.0,950.8659909555777,25.0,25.0,25.0,0.0,950.866,950.866,0.0
POINTVOL,275.0,0.0,960.3469050549154,25.0,25.0,25.0,0.0,960.3469,960.3469,0.0
POINTVOL,275.0,25.0,965.1003309867614,25.0,25.0,25.0,0.0,965.1003,965.1003,0.0
POINTVOL,275.0,50.0,966.8508861575916,25.0,25.0,25.0,0.0,966.8509,967.8373,-0.9865
POINTVOL,275.0,75.0,967.2458333333251,25.0,25.0,25.0,0.0,967.2458,967.568,-0.3222
POINTVOL,275.0,100.0,967.100000000014,25.0,25.0,25.0,0.0,967.1,962.8933,4.2067
POINTVOL,275.0,125.0,966.5000000000191,25.0,25.0,25.0,0.0,966.5,957.8135,8.6865
POINTVOL,275.0,150.0,959.3833333337535,25.0,25.0,25.0,0.0,959.3833,954.8886,4.4947
POINTVOL,275.0,175.0,955.6637445715875,25.0,25.0,25.0,0.0,955.6637,955.6637,0.0
POINTVOL,275.0,200.0,958.5128120106712,25.0,25.0,25.0,0.0,958.5128,958.5128,0.0
POINTVOL,275.0,225.0,960.6763596084421,25.0,25.0,25.0,0.0,960.6764,960.6764,0.0
POINTVOL,275.0,250.0,961.8391362439102,25.0,25.0,25.0,0.0,961.8391,961.8391,0.0
POINTVOL,275.0,275.0,960.9301903871815,25.0,25.0,25.0,0.0,960.9302,960.9302,0.0
POINTVOL,275.0,300.0,960.0173637950413,25.0,25.0,25.0,0.0,960.0174,960.0174,0.0
POINTVOL,275.0,325.0,956.4310966780495,25.0,25.0,25.0,0.0,956.4311,956.4311,0.0
POINTVOL,275.0,350.0,952.5910019222066,25.0,25.0,25.0,0.0,952.591,952.591,0.0
POINTVOL,300.0,0.0,961.3556511728663,25.0,25.0,25.0,0.0,961.3557,961.3557,0.0
POINTVOL,300.0,25.0,965.6761441670054,25.0,25.0,25.0,0.0,965.6761,965.6761,0.0
POINTVOL,300.0,50.0,967.3749999999931,25.0,25.0,25.0,0.0,967.375,968.9904,-1.6154
POINTVOL,300.0,75.0,967.7499999999912,25.0,25.0,25.0,0.0,967.75,968.9027,-1.1527
POINTVOL,300.0,100.0,967.6000000000132,25.0,25.0,25.0,0.0,967.6,966.3967,1.2033
POINTVOL,300.0,125.0,967.0000000000192,25.0,25.0,25.0,0.0,967.0,962.2147,4.7853
POINTVOL,300.0,150.0,959.8833333337151,25.0,25.0,25.0,0.0,959.8833,959.154,0.7293
POINTVOL,300.0,175.0,958.8827889235997,25.0,25.0,25.0,0.0,958.8828,958.8828,0.0
POINTVOL,300.0,200.0,960.2259424063551,25.0,25.0,25.0,0.0,960.2259,960.2259,0.0
POINTVOL,300.0,225.0,962.0575531732095,25.0,25.0,25.0,0.0,962.0576,962.0576,0.0
POINTVOL,300.0,250.0,961.6234418870207,25.0,25.0,25.0,0.0,961.6234,961.6234,0.0
POINTVOL,300.0,275.0,960.8183088707989,25.0,25.0,25.0,0.0,960.8183,960.8183,0.0
POINTVOL,300.0,300.0,959.7034717099975,25.0,25.0,25.0,0.0,959.7035,959.7035,0.0
POINTVOL,300.0,325.0,956.3233232191427,25.0,25.0,25.0,0.0,956.3233,956.3233,0.0
POINTVOL,300.0,350.0,952.6698630816087,25.0,25.0,25.0,0.0,952.6699,952.6699,0.0
POINTVOL,325.0,0.0,961.5386297957103,25.0,25.0,25.0,0.0,961.5386,961.5386,0.0
POINTVOL,325.0,25.0,965.9961088925122,25.0,25.0,25.0,0.0,965.9961,965.9961,0.0
POINTVOL,325.0,50.0,967.8749999999949,25.0,25.0,25.0,0.0,967.875,969.6028,-1.7278
POINTVOL,325.0,75.0,968.249999999994,25.0,25.0,25.0,0.0,968.25,970.139,-1.889
POINTVOL,325.0,100.0,968.1000000000139,25.0,25.0,25.0,0.0,968.1,969.49,-1.39
POINTVOL,325.0,125.0,967.5200000000183,25.0,25.0,25.0,0.0,967.52,966.928,0.592
POINTVOL,325.0,150.0,963.9069204211268,25.0,25.0,25.0,0.0,963.9069,963.9069,0.0
POINTVOL,325.0,175.0,961.3341683823108,25.0,25.0,25.0,0.0,961.3342,961.3342,0.0
POINTVOL,325.0,200.0,962.319917659728,25.0,25.0,25.0,0.0,962.3199,962.3199,0.0
POINTVOL,325.0,225.0,961.983032287178,25.0,25.0,25.0,0.0,961.983,961.983,0.0
POINTVOL,325.0,250.0,961.2212907076421,25.0,25.0,25.0,0.0,961.2213,961.2213,0.0
POINTVOL,325.0,275.0,960.3629429275727,25.0,25.0,25.0,0.0,960.3629,960.3629,0.0
POINTVOL,325.0,300.0,959.0601708771989,25.0,25.0,25.0,0.0,959.0602,959.0602,0.0
POINTVOL,325.0,325.0,955.6964520230733,25.0,25.0,25.0,0.0,955.6965,955.6965,0.0
POINTVOL,325.0,350.0,953.1064511033002,25.0,25.0,25.0,0.0,953.1065,953.1065,0.0
POINTVOL,350.0,0.0,960.7360008294913,25.0,25.0,25.0,0.0,960.736,960.736,0.0
POINTVOL,350.0,25.0,966.2104925417551,25.0,25.0,25.0,0.0,966.2105,966.2105,0.0
POINTVOL,350.0,50.0,968.3749999999945,25.0,25.0,25.0,0.0,968.375,969.6234,-1.2484
POINTVOL,350.0,75.0,968.7499999999927,25.0,25.0,25.0,0.0,968.75,971.7107,-2.9607
POINTVOL,350.0,100.0,968.600000000014,25.0,25.0,25.0,0.0,968.6,971.61,-3.01
POINTVOL,350.0,125.0,968.0566666666825,25.0,25.0,25.0,0.0,968.0567,970.5567,-2.5
POINTVOL,350.0,150.0,967.4433333333426,25.0,25.0,25.0,0.0,967.4433,967.811,-0.3676
POINTVOL,350.0,175.0,963.9533333333835,25.0,25.0,25.0,0.0,963.9533,963.9533,0.0
POINTVOL,350.0,200.0,962.1727331893643,25.0,25.0,25.0,0.0,962.1727,962.1727,0.0
POINTVOL,350.0,225.0,959.0273918816811,25.0,25.0,25.0,0.0,959.0274,959.0274,0.0
POINTVOL,350.0,250.0,959.323333333285,25.0,25.0,25.0,0.0,959.3233,959.3233,-0.0
POINTVOL,350.0,275.0,958.0316666667092,25.0,25.0,25.0,0.0,958.0317,958.0317,0.0
POINTVOL,350.0,300.0,956.8666666667299,25.0,25.0,25.0,0.0,956.8667,956.8667,0.0
POINTVOL,350.0,325.0,953.7966508072177,25.0,25.0,25.0,0.0,953.7967,953.7967,0.0
POINTVOL,350.0,350.0,949.8231344509477,25.0,25.0,25.0,0.0,949.8231,949.8231,0.0
POINTVOL,375.0,0.0,959.9811453938212,25.0,25.0,25.0,0.0,959.9811,959.9811,0.0
POINTVOL,375.0,25.0,966.1448838357686,25.0,25.0,25.0,0.0,966.1449,966.1449,0.0
POINTVOL,375.0,50.0,968.839480288105,25.0,25.0,25.0,0.0,968.8395,969.8869,-1.0474
POINTVOL,375.0,75.0,969.2395833333266,25.0,25.0,25.0,0.0,969.2396,971.6503,-2.4107
POINTVOL,375.0,100.0,969.1000000000099,25.0,25.0,25.0,0.0,969.1,972.9917,-3.8917
POINTVOL,375.0,125.0,968.5966666666784,25.0,25.0,25.0,0.0,968.5967,972.2673,-3.6707
POINTVOL,375.0,150.0,968.0633333333453,25.0,25.0,25.0,0.0,968.0633,970.1676,-2.1043
POINTVOL,375.0,175.0,966.5633333333989,25.0,25.0,25.0,0.0,966.5633,966.5633,0.0
POINTVOL,375.0,200.0,962.2220833334193,25.0,25.0,25.0,0.0,962.2221,962.2221,0.0
POINTVOL,375.0,225.0,957.3697081021954,25.0,25.0,25.0,0.0,957.3697,957.3697,0.0
POINTVOL,375.0,250.0,953.4942911316382,25.0,25.0,25.0,0.0,953.4943,953.4943,0.0
POINTVOL,375.0,275.0,953.2826349335818,25.0,25.0,25.0,0.0,953.2826,953.2826,0.0
POINTVOL,375.0,300.0,951.97972232697,25.0,25.0,25.0,0.0,951.9797,951.9797,0.0
POINTVOL,375.0,325.0,947.2882778249549,25.0,25.0,25.0,0.0,947.2883,947.2883,0.0
POINTVOL,375.0,350.0,950.5333333333607,25.0,25.0,25.0,0.0,950.5333,950.5333,-0.0
POINTVOL,400.0,0.0,959.7736517079023,25.0,25.0,25.0,0.0,959.7737,959.7737,0.0
POINTVOL,400.0,25.0,965.8819177692119,25.0,25.0,25.0,0.0,965.8819,965.8819,0.0
POINTVOL,400.0,50.0,969.1999999999923,25.0,25.0,25.0,0.0,969.2,969.3731,-0.1731
POINTVOL,400.0,75.0,969.6999999999947,25.0,25.0,25.0,0.0,969.7,972.022,-2.322
POINTVOL,400.0,100.0,969.6000000000093,25.0,25.0,25.0,0.0,969.6,974.1,-4.5
POINTVOL,400.0,125.0,969.1000000000076,25.0,25.0,25.0,0.0,969.1,973.332,-4.232
POINTVOL,400.0,150.0,968.6000000000076,25.0,25.0,25.0,0.0,968.6,970.9443,-2.3443
POINTVOL,400.0,175.0,966.5800000000609,25.0,25.0,25.0,0.0,966.58,966.58,0.0
POINTVOL,400.0,200.0,962.8987500000543,25.0,25.0,25.0,0.0,962.8988,962.8988,0.0
POINTVOL,400.0,225.0,959.6414285714491,25.0,25.0,25.0,0.0,959.6414,959.6414,0.0
POINTVOL,400.0,250.0,957.0200000000204,25.0,25.0,25.0,0.0,957.02,957.02,-0.0
POINTVOL,400.0,275.0,950.0846243799234,25.0,25.0,25.0,0.0,950.0846,950.0846,0.0
POINTVOL,400.0,300.0,949.9999999999637,25.0,25.0,25.0,0.0,950.0,950.0,-0.0
POINTVOL,400.0,325.0,949.6000000000213,25.0,25.0,25.0,0.0,949.6,949.6,0.0
POINTVOL,400.0,350.0,949.2000000000244,25.0,25.0,25.0,0.0,949.2,949.2,0.0
POINTVOL,425.0,0.0,960.0429113591324,25.0,25.0,25.0,0.0,960.0429,960.0429,0.0
POINTVOL,425.0,25.0,965.6653899709922,25.0,25.0,25.0,0.0,965.6654,965.6654,0.0
POINTVOL,425.0,50.0,969.5532884629721,25.0,25.0,25.0,0.0,969.5533,969.8045,-0.2512
POINTVOL,425.0,75.0,970.1541666666606,25.0,25.0,25.0,0.0,970.1542,972.59,-2.4358
POINTVOL,425.0,100.0,970.1000000000093,25.0,25.0,25.0,0.0,970.1,974.7917,-4.6917
POINTVOL,425.0,125.0,969.6000000000099,25.0,25.0,25.0,0.0,969.6,973.7447,-4.1447
POINTVOL,425.0,150.0,969.1000000000109,25.0,25.0,25.0,0.0,969.1,971.0023,-1.9023
POINTVOL,425.0,175.0,965.9300000000741,25.0,25.0,25.0,0.0,965.93,965.93,0.0
POINTVOL,425.0,200.0,961.7995833334,25.0,25.0,25.0,0.0,961.7996,961.7996,0.0
POINTVOL,425.0,225.0,955.7188552175991,25.0,25.0,25.0,0.0,955.7189,955.7189,0.0
POINTVOL,425.0,250.0,953.9727072405043,25.0,25.0,25.0,0.0,953.9727,953.9727,0.0
POINTVOL,425.0,275.0,953.2911352340069,25.0,25.0,25.0,0.0,953.2911,953.2911,0.0
POINTVOL,425.0,300.0,952.7249999999908,25.0,25.0,25.0,0.0,952.725,952.725,0.0
POINTVOL,425.0,325.0,951.5599999999846,25.0,25.0,25.0,0.0,951.56,951.56,0.0
POINTVOL,425.0,350.0,950.6499999999854,25.0,25.0,25.0,0.0,950.65,950.65,0.0
POINTVOL,450.0,0.0,960.3507091686121,25.0,25.0,25.0,0.0,960.3507,960.3507,0.0
POINTVOL,450.0,25.0,965.0830872979631,25.0,25.0,25.0,0.0,965.0831,965.0831,0.0
POINTVOL,450.0,50.0,969.1658755643075,25.0,25.0,25.0,0.0,969.1659,969.1659,0.0
POINTVOL,450.0,75.0,970.6145833333238,25.0,25.0,25.0,0.0,970.6146,972.2683,-1.6537
POINTVOL,450.0,100.0,970.6000000000085,25.0,25.0,25.0,0.0,970.6,974.8633,-4.2633
POINTVOL,450.0,125.0,970.1000000000096,25.0,25.0,25.0,0.0,970.1,974.0733,-3.9733
POINTVOL,450.0,150.0,969.6000000000078,25.0,25.0,25.0,0.0,969.6,970.8771,-1.2771
POINTVOL,450.0,175.0,965.4600000000719,25.0,25.0,25.0,0.0,965.46,965.46,-0.0
POINTVOL,450.0,200.0,959.5633691932762,25.0,25.0,25.0,0.0,959.5634,959.5634,0.0
POINTVOL,450.0,225.0,957.4290288596056,25.0,25.0,25.0,0.0,957.429,957.429,0.0
POINTVOL,450.0,250.0,957.2999999999887,25.0,25.0,25.0,0.0,957.3,957.3,-0.0
POINTVOL,450.0,275.0,956.2016666666839,25.0,25.0,25.0,0.0,956.2017,956.2017,0.0
POINTVOL,450.0,300.0,954.3566666666839,25.0,25.0,25.0,0.0,954.3567,954.3567,0.0
POINTVOL,450.0,325.0,952.5166666666807,25.0,25.0,25.0,0.0,952.5167,952.5167,0.0
POINTVOL,450.0,350.0,951.1266666666803,25.0,25.0,25.0,0.0,951.1267,951.1267,0.0
POINTVOL,475.0,0.0,958.8656211534376,25.0,25.0,25.0,0.0,958.8656,958.8656,0.0
POINTVOL,475.0,25.0,963.5958096604759,25.0,25.0,25.0,0.0,963.5958,963.5958,0.0
POINTVOL,475.0,50.0,968.2128622609017,25.0,25.0,25.0,0.0,968.2129,968.2129,0.0
POINTVOL,475.0,75.0,971.0915499999904,25.0,25.0,25.0,0.0,971.0915,971.9927,-0.9012
POINTVOL,475.0,100.0,971.091550000009,25.0,25.0,25.0,0.0,971.0916,974.87,-3.7784
POINTVOL,475.0,125.0,970.5915500000073,25.0,25.0,25.0,0.0,970.5916,974.6157,-4.0241
POINTVOL,475.0,150.0,970.0915500000079,25.0,25.0,25.0,0.0,970.0916,971.6271,-1.5356
POINTVOL,475.0,175.0,966.64500000006,25.0,25.0,25.0,0.0,966.645,966.645,0.0
POINTVOL,475.0,200.0,962.8537500000233,25.0,25.0,25.0,0.0,962.8538,962.8538,0.0
POINTVOL,475.0,225.0,961.3692857142701,25.0,25.0,25.0,0.0,961.3693,961.3693,0.0
POINTVOL,475.0,250.0,960.9899999999884,25.0,25.0,25.0,0.0,960.99,960.99,-0.0
POINTVOL,475.0,275.0,956.9400000000286,25.0,25.0,25.0,0.0,956.94,956.94,0.0
POINTVOL,475.0,300.0,955.0950000000432,25.0,25.0,25.0,0.0,955.095,955.095,0.0
POINTVOL,475.0,325.0,952.0594355297052,25.0,25.0,25.0,0.0,952.0594,952.0594,0.0
POINTVOL,475.0,350.0,949.5624624796202,25.0,25.0,25.0,0.0,949.5625,949.5625,0.0
POINTVOL,500.0,0.0,955.5296845674278,25.0,25.0,25.0,0.0,955.5297,955.5297,0.0
POINTVOL,500.0,25.0,961.2560210583742,25.0,25.0,25.0,0.0,961.256,961.256,0.0
POINTVOL,500.0,50.0,967.8821732988698,25.0,25.0,25.0,0.0,967.8822,967.8822,0.0
POINTVOL,500.0,75.0,971.5252999999917,25.0,25.0,25.0,0.0,971.5253,972.0662,-0.5409
POINTVOL,500.0,100.0,971.525300000009,25.0,25.0,25.0,0.0,971.5253,975.0833,-3.558
POINTVOL,500.0,125.0,971.0253000000079,25.0,25.0,25.0,0.0,971.0253,975.1967,-4.1714
POINTVOL,500.0,150.0,970.5253000000048,25.0,25.0,25.0,0.0,970.5253,973.1919,-2.6666
POINTVOL,500.0,175.0,969.2866666666997,25.0,25.0,25.0,0.0,969.2867,969.2867,0.0
POINTVOL,500.0,200.0,967.0154998136941,25.0,25.0,25.0,0.0,967.0155,967.0155,0.0
POINTVOL,500.0,225.0,965.3576190476149,25.0,25.0,25.0,0.0,965.3576,965.3576,0.0
POINTVOL,500.0,250.0,963.9800000000262,25.0,25.0,25.0,0.0,963.98,963.98,-0.0
POINTVOL,500.0,275.0,959.8333333333769,25.0,25.0,25.0,0.0,959.8333,959.8333,0.0
POINTVOL,500.0,300.0,955.7833333333741,25.0,25.0,25.0,0.0,955.7833,955.7833,-0.0
POINTVOL,500.0,325.0,952.07660361608,25.0,25.0,25.0,0.0,952.0766,952.0766,0.0
POINTVOL,500.0,350.0,952.8633333333087,25.0,25.0,25.0,0.0,952.8633,952.8633,0.0
POINTVOL,525.0,0.0,958.21901659659,25.0,25.0,25.0,0.0,958.219,958.219,0.0
POINTVOL,525.0,25.0,962.7985221705633,25.0,25.0,25.0,0.0,962.7985,962.7985,0.0
POINTVOL,525.0,50.0,968.0509075235676,25.0,25.0,25.0,0.0,968.0509,968.0509,0.0
POINTVOL,525.0,75.0,971.899049999991,25.0,25.0,25.0,0.0,971.899,972.4829,-0.5839
POINTVOL,525.0,100.0,971.9008000000048,25.0,25.0,25.0,0.0,971.9008,975.575,-3.6742
POINTVOL,525.0,125.0,971.400800000005,25.0,25.0,25.0,0.0,971.4008,976.1484,-4.7476
POINTVOL,525.0,150.0,970.9008000000048,25.0,25.0,25.0,0.0,970.9008,974.8379,-3.9371
POINTVOL,525.0,175.0,971.2657166666592,25.0,25.0,25.0,0.0,971.2657,972.3217,-1.056
POINTVOL,525.0,200.0,970.927621652483,25.0,25.0,25.0,0.0,970.9276,970.9276,0.0
POINTVOL,525.0,225.0,967.970575895524,25.0,25.0,25.0,0.0,967.9706,967.9706,0.0
POINTVOL,525.0,250.0,964.9752957421912,25.0,25.0,25.0,0.0,964.9753,964.9753,0.0
POINTVOL,525.0,275.0,960.5726719678108,25.0,25.0,25.0,0.0,960.5727,960.5727,0.0
POINTVOL,525.0,300.0,956.3598215748407,25.0,25.0,25.0,0.0,956.3598,956.3598,0.0
POINTVOL,525.0,325.0,954.194662017569,25.0,25.0,25.0,0.0,954.1947,954.1947,0.0
POINTVOL,525.0,350.0,954.749999999977,25.0,25.0,25.0,0.0,954.75,954.75,0.0
POINTVOL,550.0,0.0,958.7843474461474,25.0,25.0,25.0,0.0,958.7843,958.7843,0.0
POINTVOL,550.0,25.0,964.4480124907388,25.0,25.0,25.0,0.0,964.448,964.448,0.0
POINTVOL,550.0,50.0,968.8649977054401,25.0,25.0,25.0,0.0,968.865,968.865,0.0
POINTVOL,550.0,75.0,972.2127999999936,25.0,25.0,25.0,0.0,972.2128,972.97,-0.7572
POINTVOL,550.0,100.0,972.2128000000059,25.0,25.0,25.0,0.0,972.2128,976.3,-4.0872
POINTVOL,550.0,125.0,971.7124562193399,25.0,25.0,25.0,0.0,971.7125,976.972,-5.2595
POINTVOL,550.0,150.0,971.2452711583235,25.0,25.0,25.0,0.0,971.2453,976.4014,-5.1562
POINTVOL,550.0,175.0,971.8002999999907,25.0,25.0,25.0,0.0,971.8003,974.63,-2.8297
POINTVOL,550.0,200.0,971.9877999999959,25.0,25.0,25.0,0.0,971.9878,972.0536,-0.0658
POINTVOL,550.0,225.0,969.090000000045,25.0,25.0,25.0,0.0,969.09,969.09,0.0
POINTVOL,550.0,250.0,965.1400000000452,25.0,25.0,25.0,0.0,965.14,965.14,-0.0
POINTVOL,550.0,275.0,958.5489790920925,25.0,25.0,25.0,0.0,958.549,958.549,0.0
POINTVOL,550.0,300.0,956.1999999999282,25.0,25.0,25.0,0.0,956.2,956.2,-0.0
POINTVOL,550.0,325.0,958.6011820813004,25.0,25.0,25.0,0.0,958.6012,958.6012,0.0
POINTVOL,550.0,350.0,957.250000000008,25.0,25.0,25.0,0.0,957.25,957.25,0.0
POINTVOL,575.0,0.0,959.1407369760694,25.0,25.0,25.0,0.0,959.1407,959.1407,0.0
POINTVOL,575.0,25.0,964.1174831031899,25.0,25.0,25.0,0.0,964.1175,964.1175,0.0
POINTVOL,575.0,50.0,969.139537615546,25.0,25.0,25.0,0.0,969.1395,969.1395,0.0
POINTVOL,575.0,75.0,972.5048833333288,25.0,25.0,25.0,0.0,972.5049,973.7341,-1.2293
POINTVOL,575.0,100.0,972.4590500000025,25.0,25.0,25.0,0.0,972.4591,977.0083,-4.5493
POINTVOL,575.0,125.0,971.9757043756491,25.0,25.0,25.0,0.0,971.9757,977.826,-5.8503
POINTVOL,575.0,150.0,971.8031733498124,25.0,25.0,25.0,0.0,971.8032,977.5281,-5.7249
POINTVOL,575.0,175.0,972.0465499999951,25.0,25.0,25.0,0.0,972.0465,976.0633,-4.0168
POINTVOL,575.0,200.0,972.2340499999974,25.0,25.0,25.0,0.0,972.234,972.6164,-0.3824
POINTVOL,575.0,225.0,968.0411948402253,25.0,25.0,25.0,0.0,968.0412,968.0412,0.0
POINTVOL,575.0,250.0,963.1179664159924,25.0,25.0,25.0,0.0,963.118,963.118,0.0
POINTVOL,575.0,275.0,962.109570321226,25.0,25.0,25.0,0.0,962.1096,962.1096,0.0
POINTVOL,575.0,300.0,961.8284910752496,25.0,25.0,25.0,0.0,961.8285,961.8285,0.0
POINTVOL,575.0,325.0,962.2998611131607,25.0,25.0,25.0,0.0,962.2999,962.2999,0.0
POINTVOL,575.0,350.0,959.594648952088,25.0,25.0,25.0,0.0,959.5946,959.5946,0.0
POINTVOL,600.0,0.0,959.2880661445565,25.0,25.0,25.0,0.0,959.2881,959.2881,0.0
POINTVOL,600.0,25.0,965.2165139268576,25.0,25.0,25.0,0.0,965.2165,965.2165,0.0
POINTVOL,600.0,50.0,970.0114835045788,25.0,25.0,25.0,0.0,970.0115,970.0115,0.0
POINTVOL,600.0,75.0,972.7307166666651,25.0,25.0,25.0,0.0,972.7307,974.2194,-1.4886
POINTVOL,600.0,100.0,972.645300000003,25.0,25.0,25.0,0.0,972.6453,977.4833,-4.838
POINTVOL,600.0,125.0,972.1441075726274,25.0,25.0,25.0,0.0,972.1441,978.214,-6.0699
POINTVOL,600.0,150.0,972.1449768804481,25.0,25.0,25.0,0.0,972.145,977.89,-5.745
POINTVOL,600.0,175.0,972.2305619319919,25.0,25.0,25.0,0.0,972.2306,976.53,-4.2994
POINTVOL,600.0,200.0,972.4202999999984,25.0,25.0,25.0,0.0,972.4203,971.2738,1.1465
POINTVOL,600.0,225.0,972.6077999999984,25.0,25.0,25.0,0.0,972.6078,967.1321,5.4757
POINTVOL,600.0,250.0,972.6453000000001,25.0,25.0,25.0,0.0,972.6453,965.8916,6.7537
POINTVOL,600.0,275.0,966.8092512238828,25.0,25.0,25.0,0.0,966.8093,966.8093,0.0
POINTVOL,600.0,300.0,966.7899999999657,25.0,25.0,25.0,0.0,966.79,966.79,0.0
POINTVOL,600.0,325.0,964.9161159477195,25.0,25.0,25.0,0.0,964.9161,964.9161,0.0
POINTVOL,600.0,350.0,960.2551152370775,25.0,25.0,25.0,0.0,960.2551,960.2551,0.0
POINTVOL,625.0,0.0,961.595136902142,25.0,25.0,25.0,0.0,961.5951,961.5951,0.0
POINTVOL,625.0,25.0,966.0775295237113,25.0,25.0,25.0,0.0,966.0775,966.0775,0.0
POINTVOL,625.0,50.0,970.7624414334322,25.0,25.0,25.0,0.0,970.7624,970.7624,0.0
POINTVOL,625.0,75.0,972.8965499999982,25.0,25.0,25.0,0.0,972.8965,975.2021,-2.3056
POINTVOL,625.0,100.0,972.7715500000027,25.0,25.0,25.0,0.0,972.7716,977.85,-5.0784
POINTVOL,625.0,125.0,972.2715500000025,25.0,25.0,25.0,0.0,972.2716,978.314,-6.0424
POINTVOL,625.0,150.0,971.7715500000023,25.0,25.0,25.0,0.0,971.7716,978.5371,-6.7656
POINTVOL,625.0,175.0,972.3590499999974,25.0,25.0,25.0,0.0,972.359,977.365,-5.006
POINTVOL,625.0,200.0,972.5465499999985,25.0,25.0,25.0,0.0,972.5465,973.0122,-0.4656
POINTVOL,625.0,225.0,972.7340499999985,25.0,25.0,25.0,0.0,972.734,971.4379,1.2962
POINTVOL,625.0,250.0,972.77155,25.0,25.0,25.0,0.0,972.7716,970.3,2.4716
POINTVOL,625.0,275.0,972.4987062087076,25.0,25.0,25.0,0.0,972.4987,970.4458,2.0529
POINTVOL,625.0,300.0,972.3774507829437,25.0,25.0,25.0,0.0,972.3775,970.0287,2.3488
POINTVOL,625.0,325.0,966.5357707074562,25.0,25.0,25.0,0.0,966.5358,966.5358,0.0
POINTVOL,625.0,350.0,962.9450000000116,25.0,25.0,25.0,0.0,962.945,962.945,-0.0
POINTVOL,650.0,0.0,964.4017305180395,25.0,25.0,25.0,0.0,964.4017,964.4017,0.0
POINTVOL,650.0,25.0,967.2921681353363,25.0,25.0,25.0,0.0,967.2922,967.2922,0.0
POINTVOL,650.0,50.0,972.0460463415618,25.0,25.0,25.0,0.0,972.046,972.046,0.0
POINTVOL,650.0,75.0,972.9802999999985,25.0,25.0,25.0,0.0,972.9803,976.1687,-3.1884
POINTVOL,650.0,100.0,972.8303000000024,25.0,25.0,25.0,0.0,972.8303,978.0767,-5.2464
POINTVOL,650.0,125.0,972.3303028429127,25.0,25.0,25.0,0.0,972.3303,978.7479,-6.4175
POINTVOL,650.0,150.0,972.0615494711268,25.0,25.0,25.0,0.0,972.0615,979.229,-7.1675
POINTVOL,650.0,175.0,972.417799999999,25.0,25.0,25.0,0.0,972.4178,978.52,-6.1022
POINTVOL,650.0,200.0,972.6052999999994,25.0,25.0,25.0,0.0,972.6053,976.7646,-4.1593
POINTVOL,650.0,225.0,972.7927999999989,25.0,25.0,25.0,0.0,972.7928,974.4648,-1.672
POINTVOL,650.0,250.0,972.8303000000009,25.0,25.0,25.0,0.0,972.8303,974.11,-1.2797
POINTVOL,650.0,275.0,972.486822540762,25.0,25.0,25.0,0.0,972.4868,973.305,-0.8182
POINTVOL,650.0,300.0,972.1754689224117,25.0,25.0,25.0,0.0,972.1755,971.6967,0.4788
POINTVOL,650.0,325.0,967.1643066537833,25.0,25.0,25.0,0.0,967.1643,967.1643,0.0
POINTVOL,650.0,350.0,963.2933333333527,25.0,25.0,25.0,0.0,963.2933,963.2933,0.0
POINTVOL,675.0,0.0,968.3605672046751,25.0,25.0,25.0,0.0,968.3606,968.3606,0.0
POINTVOL,675.0,25.0,970.7462291093233,25.0,25.0,25.0,0.0,970.7462,970.7462,0.0
POINTVOL,675.0,50.0,973.7703335865225,25.0,25.0,25.0,0.0,973.7703,973.7703,0.0
POINTVOL,675.0,75.0,972.9790499999981,25.0,25.0,25.0,0.0,972.979,976.3826,-3.4036
POINTVOL,675.0,100.0,972.8290500000015,25.0,25.0,25.0,0.0,972.8291,978.1017,-5.2726
POINTVOL,675.0,125.0,972.3290500000018,25.0,25.0,25.0,0.0,972.3291,978.8763,-6.5473
POINTVOL,675.0,150.0,972.1142313085114,25.0,25.0,25.0,0.0,972.1142,979.3624,-7.2481
POINTVOL,675.0,175.0,972.4165499999992,25.0,25.0,25.0,0.0,972.4165,979.4067,-6.9901
POINTVOL,675.0,200.0,972.6040499999996,25.0,25.0,25.0,0.0,972.604,978.9699,-6.3658
POINTVOL,675.0,225.0,972.7915499999996,25.0,25.0,25.0,0.0,972.7915,977.9814,-5.1899
POINTVOL,675.0,250.0,972.829050000001,25.0,25.0,25.0,0.0,972.8291,976.76,-3.931
POINTVOL,675.0,275.0,972.4848869255227,25.0,25.0,25.0,0.0,972.4849,974.6417,-2.1568
POINTVOL,675.0,300.0,972.0483320999193,25.0,25.0,25.0,0.0,972.0483,972.6317,-0.5833
POINTVOL,675.0,325.0,967.8301656367998,25.0,25.0,25.0,0.0,967.8302,967.8302,0.0
POINTVOL,675.0,350.0,963.8816666666636,25.0,25.0,25.0,0.0,963.8817,963.8817,0.0
POINTVOL,700.0,0.0,972.4510956395146,25.0,25.0,25.0,0.0,972.4511,972.4511,0.0
POINTVOL,700.0,25.0,973.8153849159128,25.0,25.0,25.0,0.0,973.8154,973.8154,0.0
POINTVOL,700.0,50.0,974.6927999999984,25.0,25.0,25.0,0.0,974.6928,975.5209,-0.8281
POINTVOL,700.0,75.0,972.9177999999979,25.0,25.0,25.0,0.0,972.9178,976.924,-4.0062
POINTVOL,700.0,100.0,972.7677999999995,25.0,25.0,25.0,0.0,972.7678,977.96,-5.1922
POINTVOL,700.0,125.0,972.2677999999997,25.0,25.0,25.0,0.0,972.2678,978.554,-6.2862
POINTVOL,700.0,150.0,971.9862313798977,25.0,25.0,25.0,0.0,971.9862,979.4329,-7.4466
POINTVOL,700.0,175.0,972.3553000000004,25.0,25.0,25.0,0.0,972.3553,979.74,-7.3847
POINTVOL,700.0,200.0,972.5428000000003,25.0,25.0,25.0,0.0,972.5428,979.5713,-7.0285
POINTVOL,700.0,225.0,972.7303000000003,25.0,25.0,25.0,0.0,972.7303,978.9386,-6.2083
POINTVOL,700.0,250.0,972.767799999971,25.0,25.0,25.0,0.0,972.7678,977.61,-4.8422
POINTVOL,700.0,275.0,972.4204513102834,25.0,25.0,25.0,0.0,972.4205,975.275,-2.8545
POINTVOL,700.0,300.0,971.8635504486988,25.0,25.0,25.0,0.0,971.8636,972.94,-1.0764
POINTVOL,700.0,325.0,969.3523731609797,25.0,25.0,25.0,0.0,969.3524,969.3524,0.0
POINTVOL,700.0,350.0,965.7899999999541,25.0,25.0,25.0,0.0,965.79,965.79,-0.0
POINTVOL,725.0,0.0,975.5989609835794,25.0,25.0,25.0,0.0,975.599,975.599,0.0
POINTVOL,725.0,25.0,975.7049840404882,25.0,25.0,25.0,0.0,975.705,975.705,0.0
POINTVOL,725.0,50.0,974.4598833333279,25.0,25.0,25.0,0.0,974.4599,975.4471,-0.9872
POINTVOL,725.0,75.0,972.7432166666658,25.0,25.0,25.0,0.0,972.7432,976.093,-3.3498
POINTVOL,725.0,100.0,972.6390499999992,25.0,25.0,25.0,0.0,972.639,977.2267,-4.5876
POINTVOL,725.0,125.0,972.139049999998,25.0,25.0,25.0,0.0,972.139,978.452,-6.3129
POINTVOL,725.0,150.0,971.7862940199562,25.0,25.0,25.0,0.0,971.7863,979.5336,-7.7473
POINTVOL,725.0,175.0,972.2265500000015,25.0,25.0,25.0,0.0,972.2266,979.5067,-7.2801
POINTVOL,725.0,200.0,972.4140500000009,25.0,25.0,25.0,0.0,972.4141,979.6817,-7.2676
POINTVOL,725.0,225.0,972.6015500000009,25.0,25.0,25.0,0.0,972.6016,979.135,-6.5334
POINTVOL,725.0,250.0,972.6390499999998,25.0,25.0,25.0,0.0,972.639,977.635,-4.996
POINTVOL,725.0,275.0,972.2939717544886,25.0,25.0,25.0,0.0,972.294,974.4567,-2.1627
POINTVOL,725.0,300.0,971.6689390037034,25.0,25.0,25.0,0.0,971.6689,970.8567,0.8123
POINTVOL,725.0,325.0,968.0209597343315,25.0,25.0,25.0,0.0,968.021,968.021,0.0
POINTVOL,725.0,350.0,966.8657118447338,25.0,25.0,25.0,0.0,966.8657,965.238,1.6277
POINTVOL,750.0,0.0,975.260537410767,25.0,25.0,25.0,0.0,975.2605,975.2605,0.0
POINTVOL,750.0,25.0,972.8477325752705,25.0,25.0,25.0,0.0,972.8477,972.8477,0.0
POINTVOL,750.0,50.0,973.0415979868255,25.0,25.0,25.0,0.0,973.0416,973.0416,0.0
POINTVOL,750.0,75.0,972.5148833333337,25.0,25.0,25.0,0.0,972.5149,974.162,-1.6471
POINTVOL,750.0,100.0,972.4502999999975,25.0,25.0,25.0,0.0,972.4503,975.3933,-2.943
POINTVOL,750.0,125.0,971.950299007167,25.0,25.0,25.0,0.0,971.9503,976.8213,-4.871
POINTVOL,750.0,150.0,971.5136197296418,25.0,25.0,25.0,0.0,971.5136,978.1248,-6.6111
POINTVOL,750.0,175.0,972.0753000000019,25.0,25.0,25.0,0.0,972.0753,978.9067,-6.8314
POINTVOL,750.0,200.0,972.2628000000017,25.0,25.0,25.0,0.0,972.2628,979.4817,-7.2189
POINTVOL,750.0,225.0,972.450300000002,25.0,25.0,25.0,0.0,972.4503,978.8848,-6.4345
POINTVOL,750.0,250.0,972.4877990993147,25.0,25.0,25.0,0.0,972.4878,977.2133,-4.7255
POINTVOL,750.0,275.0,972.1407633751601,25.0,25.0,25.0,0.0,972.1408,973.6926,-1.5519
POINTVOL,750.0,300.0,971.5176681524772,25.0,25.0,25.0,0.0,971.5177,970.1933,1.3243
POINTVOL,750.0,325.0,970.8236496566687,25.0,25.0,25.0,0.0,970.8236,965.9176,4.9061
POINTVOL,750.0,350.0,964.8535457204223,25.0,25.0,25.0,0.0,964.8535,964.5363,0.3172
POINTVOL,775.0,0.0,975.0379349917221,25.0,25.0,25.0,0.0,975.0379,975.0379,0.0
POINTVOL,775.0,25.0,970.5725546724763,25.0,25.0,25.0,0.0,970.5726,970.5726,0.0
POINTVOL,775.0,50.0,969.7492330678909,25.0,25.0,25.0,0.0,969.7492,969.7492,0.0
POINTVOL,775.0,75.0,972.2265499999997,25.0,25.0,25.0,0.0,972.2265,971.8147,0.4119
POINTVOL,775.0,100.0,972.2015499999977,25.0,25.0,25.0,0.0,972.2015,972.93,-0.7284
POINTVOL,775.0,125.0,971.7015499999969,25.0,25.0,25.0,0.0,971.7015,975.288,-3.5865
POINTVOL,775.0,150.0,971.2015499999987,25.0,25.0,25.0,0.0,971.2015,976.1857,-4.9842
POINTVOL,775.0,175.0,971.9240500000051,25.0,25.0,25.0,0.0,971.9241,977.88,-5.956
POINTVOL,775.0,200.0,972.1115500000024,25.0,25.0,25.0,0.0,972.1116,978.46,-6.3485
POINTVOL,775.0,225.0,972.2990500000022,25.0,25.0,25.0,0.0,972.2991,977.9844,-5.6853
POINTVOL,775.0,250.0,972.3169240521947,25.0,25.0,25.0,0.0,972.3169,976.345,-4.0281
POINTVOL,775.0,275.0,971.9915514237596,25.0,25.0,25.0,0.0,971.9916,972.7317,-0.7402
POINTVOL,775.0,300.0,968.9517490460981,25.0,25.0,25.0,0.0,968.9517,968.9517,0.0
POINTVOL,775.0,325.0,964.7708142208047,25.0,25.0,25.0,0.0,964.7708,964.7708,0.0
POINTVOL,775.0,350.0,963.8628429245754,25.0,25.0,25.0,0.0,963.8628,963.8628,0.0
POINTVOL,800.0,0.0,974.1957982993936,25.0,25.0,25.0,0.0,974.1958,974.1958,0.0
POINTVOL,800.0,25.0,970.2744899779252,25.0,25.0,25.0,0.0,970.2745,970.2745,0.0
POINTVOL,800.0,50.0,968.9488639388511,25.0,25.0,25.0,0.0,968.9489,968.9489,0.0
POINTVOL,800.0,75.0,971.8853000000026,25.0,25.0,25.0,0.0,971.8853,969.2116,2.6737
POINTVOL,800.0,100.0,971.8852999999976,25.0,25.0,25.0,0.0,971.8853,970.3733,1.512
POINTVOL,800.0,125.0,971.3852999999968,25.0,25.0,25.0,0.0,971.3853,973.9667,-2.5814
POINTVOL,800.0,150.0,971.010336506235,25.0,25.0,25.0,0.0,971.0103,974.7581,-3.7478
POINTVOL,800.0,175.0,971.8021478957896,25.0,25.0,25.0,0.0,971.8021,976.7233,-4.9212
POINTVOL,800.0,200.0,971.9603000000026,25.0,25.0,25.0,0.0,971.9603,977.2967,-5.3364
POINTVOL,800.0,225.0,972.1478000000028,25.0,25.0,25.0,0.0,972.1478,977.1538,-5.006
POINTVOL,800.0,250.0,972.1853000000053,25.0,25.0,25.0,0.0,972.1853,975.47,-3.2847
POINTVOL,800.0,275.0,971.5749999999814,25.0,25.0,25.0,0.0,971.575,971.575,0.0
POINTVOL,800.0,300.0,968.2199999999734,25.0,25.0,25.0,0.0,968.22,968.22,0.0
POINTVOL,800.0,325.0,964.6660040386183,25.0,25.0,25.0,0.0,964.666,964.666,0.0
POINTVOL,800.0,350.0,963.2633333333395,25.0,25.0,25.0,0.0,963.2633,963.2633,0.0
POINTVOL,825.0,0.0,973.4127311037663,25.0,25.0,25.0,0.0,973.4127,973.4127,0.0
POINTVOL,825.0,25.0,970.9418444364037,25.0,25.0,25.0,0.0,970.9418,970.9418,0.0
POINTVOL,825.0,50.0,968.5069316996762,25.0,25.0,25.0,0.0,968.5069,968.5069,0.0
POINTVOL,825.0,75.0,971.5090500000015,25.0,25.0,25.0,0.0,971.5091,965.0,6.5091
POINTVOL,825.0,100.0,971.5090499999957,25.0,25.0,25.0,0.0,971.509,968.2917,3.2174
POINTVOL,825.0,125.0,971.0091662688467,25.0,25.0,25.0,0.0,971.0092,973.0467,-2.0375
POINTVOL,825.0,150.0,971.0381435966633,25.0,25.0,25.0,0.0,971.0381,973.8381,-2.8
POINTVOL,825.0,175.0,971.0913347018227,25.0,25.0,25.0,0.0,971.0913,975.7217,-4.6303
POINTVOL,825.0,200.0,971.8090500000266,25.0,25.0,25.0,0.0,971.8091,976.2717,-4.4626
POINTVOL,825.0,225.0,971.9965500000417,25.0,25.0,25.0,0.0,971.9966,976.0988,-4.1023
POINTVOL,825.0,250.0,972.034050000038,25.0,25.0,25.0,0.0,972.0341,974.8417,-2.8076
POINTVOL,825.0,275.0,971.6890500000356,25.0,25.0,25.0,0.0,971.6891,971.9567,-0.2676
POINTVOL,825.0,300.0,968.8716666666372,25.0,25.0,25.0,0.0,968.8717,968.8717,0.0
POINTVOL,825.0,325.0,964.4723804019001,25.0,25.0,25.0,0.0,964.4724,964.4724,0.0
POINTVOL,825.0,350.0,962.8399999999933,25.0,25.0,25.0,0.0,962.84,962.84,0.0
POINTVOL,850.0,0.0,970.8231714841219,25.0,25.0,25.0,0.0,970.8232,970.8232,0.0
POINTVOL,850.0,25.0,970.0521886950677,25.0,25.0,25.0,0.0,970.0522,970.0522,0.0
POINTVOL,850.0,50.0,968.6682703595296,25.0,25.0,25.0,0.0,968.6683,968.6683,0.0
POINTVOL,850.0,75.0,971.072800000007,25.0,25.0,25.0,0.0,971.0728,964.9534,6.1194
POINTVOL,850.0,100.0,971.0727999999954,25.0,25.0,25.0,0.0,971.0728,967.25,3.8228
POINTVOL,850.0,125.0,970.6328493980365,25.0,25.0,25.0,0.0,970.6328,972.58,-1.9472
POINTVOL,850.0,150.0,970.3510929610861,25.0,25.0,25.0,0.0,970.3511,973.2086,-2.8575
POINTVOL,850.0,175.0,969.9539351537856,25.0,25.0,25.0,0.0,969.9539,974.78,-4.8261
POINTVOL,850.0,200.0,971.4901856771762,25.0,25.0,25.0,0.0,971.4902,974.8925,-3.4023
POINTVOL,850.0,225.0,971.8453000000782,25.0,25.0,25.0,0.0,971.8453,974.6571,-2.8118
POINTVOL,850.0,250.0,971.8828000000722,25.0,25.0,25.0,0.0,971.8828,973.9,-2.0172
POINTVOL,850.0,275.0,971.4149999999792,25.0,25.0,25.0,0.0,971.415,971.415,-0.0
POINTVOL,850.0,300.0,968.9299999999922,25.0,25.0,25.0,0.0,968.93,968.93,0.0
POINTVOL,850.0,325.0,963.2681210021567,25.0,25.0,25.0,0.0,963.2681,963.2681,0.0
POINTVOL,850.0,350.0,962.7900000000199,25.0,25.0,25.0,0.0,962.79,962.79,0.0
POINTVOL,875.0,0.0,964.7217790503109,25.0,25.0,25.0,0.0,964.7218,964.7218,0.0
POINTVOL,875.0,25.0,964.6352740524723,25.0,25.0,25.0,0.0,964.6353,964.6353,0.0
POINTVOL,875.0,50.0,965.2211262488839,25.0,25.0,25.0,0.0,965.2211,965.2211,0.0
POINTVOL,875.0,75.0,970.5800000000023,25.0,25.0,25.0,0.0,970.58,964.5685,6.0115
POINTVOL,875.0,100.0,970.579999999995,25.0,25.0,25.0,0.0,970.58,967.2083,3.3717
POINTVOL,875.0,125.0,970.0799793385594,25.0,25.0,25.0,0.0,970.08,972.405,-2.325
POINTVOL,875.0,150.0,969.5800270566393,25.0,25.0,25.0,0.0,969.58,972.8717,-3.2916
POINTVOL,875.0,175.0,969.0956024286627,25.0,25.0,25.0,0.0,969.0956,973.4717,-4.3761
POINTVOL,875.0,200.0,969.4108542832254,25.0,25.0,25.0,0.0,969.4109,970.5626,-1.1517
POINTVOL,875.0,225.0,971.6940500001156,25.0,25.0,25.0,0.0,971.6941,972.4584,-0.7643
POINTVOL,875.0,250.0,971.731550000106,25.0,25.0,25.0,0.0,971.7316,972.156,-0.4244
POINTVOL,875.0,275.0,970.3174092639499,25.0,25.0,25.0,0.0,970.3174,970.3174,0.0
POINTVOL,875.0,300.0,967.5133333333121,25.0,25.0,25.0,0.0,967.5133,967.5133,0.0
POINTVOL,875.0,325.0,962.5361987305737,25.0,25.0,25.0,0.0,962.5362,962.5362,0.0
POINTVOL,875.0,350.0,959.8201368541623,25.0,25.0,25.0,0.0,959.8201,959.8201,0.0
POINTVOL,900.0,0.0,959.9163602541655,25.0,25.0,25.0,0.0,959.9164,959.9164,0.0
POINTVOL,900.0,25.0,959.7161163297733,25.0,25.0,25.0,0.0,959.7161,959.7161,0.0
POINTVOL,900.0,50.0,962.9633333335045,25.0,25.0,25.0,0.0,962.9633,962.4742,0.4891
POINTVOL,900.0,75.0,970.0800000000096,25.0,25.0,25.0,0.0,970.08,963.8633,6.2167
POINTVOL,900.0,100.0,970.0799999999922,25.0,25.0,25.0,0.0,970.08,968.2933,1.7867
POINTVOL,900.0,125.0,969.5799999999919,25.0,25.0,25.0,0.0,969.58,972.25,-2.67
POINTVOL,900.0,150.0,969.0799999999925,25.0,25.0,25.0,0.0,969.08,972.5775,-3.4975
POINTVOL,900.0,175.0,968.5799999999927,25.0,25.0,25.0,0.0,968.58,972.1633,-3.5833
POINTVOL,900.0,200.0,967.6773428148223,25.0,25.0,25.0,0.0,967.6773,967.6773,0.0
POINTVOL,900.0,225.0,969.0657624799184,25.0,25.0,25.0,0.0,969.0658,969.0658,0.0
POINTVOL,900.0,250.0,969.936315215035,25.0,25.0,25.0,0.0,969.9363,969.9363,0.0
POINTVOL,900.0,275.0,968.5058233150049,25.0,25.0,25.0,0.0,968.5058,968.5058,0.0
POINTVOL,900.0,300.0,966.1099999999464,25.0,25.0,25.0,0.0,966.11,966.11,0.0
POINTVOL,900.0,325.0,961.368447047515,25.0,25.0,25.0,0.0,961.3684,961.3684,0.0
POINTVOL,900.0,350.0,959.5633333332872,25.0,25.0,25.0,0.0,959.5633,959.5633,-0.0
POINTVOL,925.0,0.0,957.4530977519191,25.0,25.0,25.0,0.0,957.4531,957.4531,0.0
POINTVOL,925.0,25.0,961.7245276141704,25.0,25.0,25.0,0.0,961.7245,961.7245,0.0
POINTVOL,925.0,50.0,964.0233872290491,25.0,25.0,25.0,0.0,964.0234,964.0234,0.0
POINTVOL,925.0,75.0,969.580000000009,25.0,25.0,25.0,0.0,969.58,965.88,3.7
POINTVOL,925.0,100.0,969.5799999999929,25.0,25.0,25.0,0.0,969.58,969.655,-0.075
POINTVOL,925.0,125.0,969.0799999999921,25.0,25.0,25.0,0.0,969.08,971.645,-2.565
POINTVOL,925.0,150.0,968.579999999995,25.0,25.0,25.0,0.0,968.58,971.2623,-2.6823
POINTVOL,925.0,175.0,968.0799999999992,25.0,25.0,25.0,0.0,968.08,970.614,-2.534
POINTVOL,925.0,200.0,965.4552251682128,25.0,25.0,25.0,0.0,965.4552,965.4552,0.0
POINTVOL,925.0,225.0,964.9432954745357,25.0,25.0,25.0,0.0,964.9433,964.9433,0.0
POINTVOL,925.0,250.0,966.0692913932204,25.0,25.0,25.0,0.0,966.0693,966.0693,0.0
POINTVOL,925.0,275.0,965.7441405342469,25.0,25.0,25.0,0.0,965.7441,965.7441,0.0
POINTVOL,925.0,300.0,963.8200429358078,25.0,25.0,25.0,0.0,963.82,963.82,0.0
POINTVOL,925.0,325.0,960.3722122718548,25.0,25.0,25.0,0.0,960.3722,960.3722,0.0
POINTVOL,925.0,350.0,957.3092966362967,25.0,25.0,25.0,0.0,957.3093,957.3093,0.0
POINTVOL,950.0,0.0,959.9549506175273,25.0,25.0,25.0,0.0,959.955,959.955,0.0
POINTVOL,950.0,25.0,964.2047853941807,25.0,25.0,25.0,0.0,964.2048,964.2048,0.0
POINTVOL,950.0,50.0,966.5910426680092,25.0,25.0,25.0,0.0,966.591,966.591,0.0
POINTVOL,950.0,75.0,969.1008333333428,25.0,25.0,25.0,0.0,969.1008,968.6702,0.4307
POINTVOL,950.0,100.0,969.079999999993,25.0,25.0,25.0,0.0,969.08,970.28,-1.2
POINTVOL,950.0,125.0,968.5549999999917,25.0,25.0,25.0,0.0,968.555,970.4233,-1.8683
POINTVOL,950.0,150.0,968.0133333333298,25.0,25.0,25.0,0.0,968.0133,970.1124,-2.099
POINTVOL,950.0,175.0,967.4799999999968,25.0,25.0,25.0,0.0,967.48,968.3019,-0.8219
POINTVOL,950.0,200.0,964.8475137362684,25.0,25.0,25.0,0.0,964.8475,964.8475,0.0
POINTVOL,950.0,225.0,961.6953290064201,25.0,25.0,25.0,0.0,961.6953,961.6953,0.0
POINTVOL,950.0,250.0,962.6611798029037,25.0,25.0,25.0,0.0,962.6612,962.6612,0.0
POINTVOL,950.0,275.0,963.4320392277891,25.0,25.0,25.0,0.0,963.432,963.432,0.0
POINTVOL,950.0,300.0,962.3306139051228,25.0,25.0,25.0,0.0,962.3306,962.3306,0.0
POINTVOL,950.0,325.0,959.5128996891056,25.0,25.0,25.0,0.0,959.5129,959.5129,0.0
POINTVOL,950.0,350.0,956.9504979152333,25.0,25.0,25.0,0.0,956.9505,956.9505,0.0
POINTVOL,975.0,0.0,960.9839519473297,25.0,25.0,25.0,0.0,960.984,960.984,0.0
POINTVOL,975.0,25.0,965.3770678672402,25.0,25.0,25.0,0.0,965.3771,965.3771,0.0
POINTVOL,975.0,50.0,967.7984566074343,25.0,25.0,25.0,0.0,967.7985,967.7985,0.0
POINTVOL,975.0,75.0,968.6404166666741,25.0,25.0,25.0,0.0,968.6404,969.4457,-0.8053
POINTVOL,975.0,100.0,968.5799999999915,25.0,25.0,25.0,0.0,968.58,969.5433,-0.9633
POINTVOL,975.0,125.0,968.0133333333218,25.0,25.0,25.0,0.0,968.0133,968.5417,-0.5283
POINTVOL,975.0,150.0,967.3716666666568,25.0,25.0,25.0,0.0,967.3717,968.0492,-0.6775
POINTVOL,975.0,175.0,966.68955562865,25.0,25.0,25.0,0.0,966.6896,966.6896,0.0
POINTVOL,975.0,200.0,963.4428690911473,25.0,25.0,25.0,0.0,963.4429,963.4429,0.0
POINTVOL,975.0,225.0,958.5491100240262,25.0,25.0,25.0,0.0,958.5491,958.5491,0.0
POINTVOL,975.0,250.0,960.2619967355856,25.0,25.0,25.0,0.0,960.262,960.262,0.0
POINTVOL,975.0,275.0,961.0793718811904,25.0,25.0,25.0,0.0,961.0794,961.0794,0.0
POINTVOL,975.0,300.0,961.2737384528087,25.0,25.0,25.0,0.0,961.2737,961.2737,0.0
POINTVOL,975.0,325.0,959.4425031411349,25.0,25.0,25.0,0.0,959.4425,959.4425,0.0
POINTVOL,975.0,350.0,956.6975234483567,25.0,25.0,25.0,0.0,956.6975,956.6975,0.0
POINTVOL,1000.0,0.0,963.0101189776498,25.0,25.0,25.0,0.0,963.0101,963.0101,0.0
POINTVOL,1000.0,25.0,966.1426227157568,25.0,25.0,25.0,0.0,966.1426,966.1426,0.0
POINTVOL,1000.0,50.0,967.680000000006,25.0,25.0,25.0,0.0,967.68,967.9671,-0.2871
POINTVOL,1000.0,75.0,968.1800000000069,25.0,25.0,25.0,0.0,968.18,968.524,-0.344
POINTVOL,1000.0,100.0,968.0799999999931,25.0,25.0,25.0,0.0,968.08,967.76,0.32
POINTVOL,1000.0,125.0,967.4799999999874,25.0,25.0,25.0,0.0,967.48,965.9,1.58
POINTVOL,1000.0,150.0,965.0300136541492,25.0,25.0,25.0,0.0,965.03,965.03,0.0
POINTVOL,1000.0,175.0,964.5844368821705,25.0,25.0,25.0,0.0,964.5844,964.5844,0.0
POINTVOL,1000.0,200.0,962.5416257820441,25.0,25.0,25.0,0.0,962.5416,962.5416,0.0
POINTVOL,1000.0,225.0,957.1414848097629,25.0,25.0,25.0,0.0,957.1415,957.1415,0.0
POINTVOL,1000.0,250.0,954.9574135105676,25.0,25.0,25.0,0.0,954.9574,954.9574,0.0
POINTVOL,1000.0,275.0,958.0122534962192,25.0,25.0,25.0,0.0,958.0123,958.0123,0.0
POINTVOL,1000.0,300.0,959.9035320373508,25.0,25.0,25.0,0.0,959.9035,959.9035,0.0
POINTVOL,1000.0,325.0,959.0802337551784,25.0,25.0,25.0,0.0,959.0802,959.0802,0.0
POINTVOL,1000.0,350.0,956.3824191183132,25.0,25.0,25.0,0.0,956.3824,956.3824,0.0
POINTVOL,1025.0,0.0,963.803836336545,25.0,25.0,25.0,0.0,963.8038,963.8038,0.0
POINTVOL,1025.0,25.0,966.1141801166483,25.0,25.0,25.0,0.0,966.1142,966.1142,0.0
POINTVOL,1025.0,50.0,967.0291666545996,25.0,25.0,25.0,0.0,967.0292,967.3858,-0.3566
POINTVOL,1025.0,75.0,967.6374999879325,25.0,25.0,25.0,0.0,967.6375,967.104,0.5335
POINTVOL,1025.0,100.0,967.5833333212486,25.0,25.0,25.0,0.0,967.5833,965.4017,2.1817
POINTVOL,1025.0,125.0,966.9833333212433,25.0,25.0,25.0,0.0,966.9833,962.4274,4.5559
POINTVOL,1025.0,150.0,962.4294542254486,25.0,25.0,25.0,0.0,962.4295,962.4295,0.0
POINTVOL,1025.0,175.0,962.439695331087,25.0,25.0,25.0,0.0,962.4397,962.4397,0.0
POINTVOL,1025.0,200.0,961.1046676286787,25.0,25.0,25.0,0.0,961.1047,961.1047,0.0
POINTVOL,1025.0,225.0,957.323553545469,25.0,25.0,25.0,0.0,957.3236,957.3236,0.0
POINTVOL,1025.0,250.0,953.8261084188218,25.0,25.0,25.0,0.0,953.8261,953.8261,0.0
POINTVOL,1025.0,275.0,954.7385906824211,25.0,25.0,25.0,0.0,954.7386,954.7386,0.0
POINTVOL,1025.0,300.0,956.4317529910745,25.0,25.0,25.0,0.0,956.4318,956.4318,0.0
POINTVOL,1025.0,325.0,958.0487686959076,25.0,25.0,25.0,0.0,958.0488,958.0488,0.0
POINTVOL,1025.0,350.0,956.7760663617198,25.0,25.0,25.0,0.0,956.7761,956.7761,0.0
POINTVOL,1050.0,0.0,964.0016487200552,25.0,25.0,25.0,0.0,964.0016,964.0016,0.0
POINTVOL,1050.0,25.0,965.3291154772234,25.0,25.0,25.0,0.0,965.3291,965.3291,0.0
POINTVOL,1050.0,50.0,966.1558120230752,25.0,25.0,25.0,0.0,966.1558,966.1558,0.0
POINTVOL,1050.0,75.0,967.1420832790172,25.0,25.0,25.0,0.0,967.1421,965.3651,1.777
POINTVOL,1050.0,100.0,967.1274999456608,25.0,25.0,25.0,0.0,967.1275,963.0233,4.1042
POINTVOL,1050.0,125.0,966.5274999456527,25.0,25.0,25.0,0.0,966.5275,958.6133,7.9142
POINTVOL,1050.0,150.0,959.410833278699,25.0,25.0,25.0,0.0,959.4108,958.6713,0.7396
POINTVOL,1050.0,175.0,959.3431933802185,25.0,25.0,25.0,0.0,959.3432,959.3432,0.0
POINTVOL,1050.0,200.0,959.2809887583913,25.0,25.0,25.0,0.0,959.281,959.281,0.0
POINTVOL,1050.0,225.0,956.4246784130689,25.0,25.0,25.0,0.0,956.4247,956.4247,0.0
POINTVOL,1050.0,250.0,952.2730793097876,25.0,25.0,25.0,0.0,952.2731,952.2731,0.0
POINTVOL,1050.0,275.0,952.695415526585,25.0,25.0,25.0,0.0,952.6954,952.6954,0.0
POINTVOL,1050.0,300.0,955.0516582485376,25.0,25.0,25.0,0.0,955.0517,955.0517,0.0
POINTVOL,1050.0,325.0,956.5345384403561,25.0,25.0,25.0,0.0,956.5345,956.5345,0.0
POINTVOL,1050.0,350.0,956.9622788564287,25.0,25.0,25.0,0.0,956.9623,956.9623,0.0
POINTVOL,1075.0,0.0,961.837700051819,25.0,25.0,25.0,0.0,961.8377,961.8377,0.0
POINTVOL,1075.0,25.0,963.4473983645377,25.0,25.0,25.0,0.0,963.4474,963.4474,0.0
POINTVOL,1075.0,50.0,964.3966764017288,25.0,25.0,25.0,0.0,964.3967,964.3967,0.0
POINTVOL,1075.0,75.0,966.7312499004126,25.0,25.0,25.0,0.0,966.7312,963.515,3.2162
POINTVOL,1075.0,100.0,966.7312499003837,25.0,25.0,25.0,0.0,966.7312,960.86,5.8712
POINTVOL,1075.0,125.0,966.1312499003784,25.0,25.0,25.0,0.0,966.1312,955.5131,10.6181
POINTVOL,1075.0,150.0,959.0145832333758,25.0,25.0,25.0,0.0,959.0146,955.0036,4.011
POINTVOL,1075.0,175.0,955.4794622169246,25.0,25.0,25.0,0.0,955.4795,955.4795,0.0
POINTVOL,1075.0,200.0,957.0576751881669,25.0,25.0,25.0,0.0,957.0577,957.0577,0.0
POINTVOL,1075.0,225.0,955.1787281400575,25.0,25.0,25.0,0.0,955.1787,955.1787,0.0
POINTVOL,1075.0,250.0,949.6776616425345,25.0,25.0,25.0,0.0,949.6777,949.6777,0.0
POINTVOL,1075.0,275.0,950.8633965584278,25.0,25.0,25.0,0.0,950.8634,950.8634,0.0
POINTVOL,1075.0,300.0,953.3712317621023,25.0,25.0,25.0,0.0,953.3712,953.3712,0.0
POINTVOL,1075.0,325.0,955.5379570653317,25.0,25.0,25.0,0.0,955.538,955.538,0.0
POINTVOL,1075.0,350.0,956.120163599168,25.0,25.0,25.0,0.0,956.1202,956.1202,0.0
POINTVOL,1100.0,0.0,959.3277326075221,25.0,25.0,25.0,0.0,959.3277,959.3277,0.0
POINTVOL,1100.0,25.0,959.9379858875377,25.0,25.0,25.0,0.0,959.938,959.938,0.0
POINTVOL,1100.0,50.0,960.9068940395609,25.0,25.0,25.0,0.0,960.9069,960.9069,0.0
POINTVOL,1100.0,75.0,966.3999998551386,25.0,25.0,25.0,0.0,966.4,960.8233,5.5767
POINTVOL,1100.0,100.0,966.3999998551099,25.0,25.0,25.0,0.0,966.4,959.4194,6.9806
POINTVOL,1100.0,125.0,965.7999998551038,25.0,25.0,25.0,0.0,965.8,955.374,10.426
POINTVOL,1100.0,150.0,958.6833331881072,25.0,25.0,25.0,0.0,958.6833,951.0132,7.6701
POINTVOL,1100.0,175.0,953.2289917238381,25.0,25.0,25.0,0.0,953.229,953.229,0.0
POINTVOL,1100.0,200.0,955.0000000000001,25.0,25.0,25.0,0.0,955.0,955.0,0.0
POINTVOL,1100.0,225.0,953.2292764986047,25.0,25.0,25.0,0.0,953.2293,953.2293,0.0
POINTVOL,1100.0,250.0,948.5939059016441,25.0,25.0,25.0,0.0,948.5939,948.5939,0.0
POINTVOL,1100.0,275.0,950.0289597320656,25.0,25.0,25.0,0.0,950.029,950.029,0.0
POINTVOL,1100.0,300.0,952.3705060444297,25.0,25.0,25.0,0.0,952.3705,952.3705,0.0
POINTVOL,1100.0,325.0,954.6722317008772,25.0,25.0,25.0,0.0,954.6722,954.6722,0.0
POINTVOL,1100.0,350.0,955.0735201990332,25.0,25.0,25.0,0.0,955.0735,955.0735,0.0
POINTVOL,1125.0,0.0,955.3476854343024,25.0,25.0,25.0,0.0,955.3477,955.3477,0.0
POINTVOL,1125.0,25.0,956.0447154160926,25.0,25.0,25.0,0.0,956.0447,956.0447,0.0
POINTVOL,1125.0,50.0,959.0145831435456,25.0,25.0,25.0,0.0,959.0146,957.471,1.5435
POINTVOL,1125.0,75.0,966.131249809866,25.0,25.0,25.0,0.0,966.1312,957.7106,8.4206
POINTVOL,1125.0,100.0,966.1312498098367,25.0,25.0,25.0,0.0,966.1312,958.6794,7.4518
POINTVOL,1125.0,125.0,965.5312498098309,25.0,25.0,25.0,0.0,965.5312,954.777,10.7543
POINTVOL,1125.0,150.0,958.4145831428173,25.0,25.0,25.0,0.0,958.4146,950.3483,8.0663
POINTVOL,1125.0,175.0,950.1318554181215,25.0,25.0,25.0,0.0,950.1319,950.1319,0.0
POINTVOL,1125.0,200.0,952.5874188423686,25.0,25.0,25.0,0.0,952.5874,952.5874,0.0
POINTVOL,1125.0,225.0,952.4656306399854,25.0,25.0,25.0,0.0,952.4656,952.4656,0.0
POINTVOL,1125.0,250.0,947.9832822236297,25.0,25.0,25.0,0.0,947.9833,947.9833,0.0
POINTVOL,1125.0,275.0,948.136876664944,25.0,25.0,25.0,0.0,948.1369,948.1369,0.0
POINTVOL,1125.0,300.0,951.2629814593005,25.0,25.0,25.0,0.0,951.263,951.263,0.0
POINTVOL,1125.0,325.0,953.3014076477826,25.0,25.0,25.0,0.0,953.3014,953.3014,0.0
POINTVOL,1125.0,350.0,952.6104698907087,25.0,25.0,25.0,0.0,952.6105,952.6105,0.0
POINTVOL,1150.0,0.0,952.1213255895142,25.0,25.0,25.0,0.0,952.1213,952.1213,0.0
POINTVOL,1150.0,25.0,952.4980592885513,25.0,25.0,25.0,0.0,952.4981,952.4981,0.0
POINTVOL,1150.0,50.0,958.8083330983573,25.0,25.0,25.0,0.0,958.8083,953.3619,5.4465
POINTVOL,1150.0,75.0,965.9249997645924,25.0,25.0,25.0,0.0,965.925,954.2737,11.6513
POINTVOL,1150.0,100.0,965.924999764562,25.0,25.0,25.0,0.0,965.925,954.8507,11.0743
POINTVOL,1150.0,125.0,965.324999764555,25.0,25.0,25.0,0.0,965.325,953.7151,11.6099
POINTVOL,1150.0,150.0,958.208333097505,25.0,25.0,25.0,0.0,958.2083,948.7885,9.4199
POINTVOL,1150.0,175.0,948.5714704973329,25.0,25.0,25.0,0.0,948.5715,948.5715,0.0
POINTVOL,1150.0,200.0,950.2510258895811,25.0,25.0,25.0,0.0,950.251,950.251,0.0
POINTVOL,1150.0,225.0,951.3110899626664,25.0,25.0,25.0,0.0,951.3111,951.3111,0.0
POINTVOL,1150.0,250.0,947.3787768188154,25.0,25.0,25.0,0.0,947.3788,947.3788,0.0
POINTVOL,1150.0,275.0,945.9817143309912,25.0,25.0,25.0,0.0,945.9817,945.9817,0.0
POINTVOL,1150.0,300.0,949.8524750298571,25.0,25.0,25.0,0.0,949.8525,949.8525,0.0
POINTVOL,1150.0,325.0,952.3129185858354,25.0,25.0,25.0,0.0,952.3129,952.3129,0.0
POINTVOL,1150.0,350.0,951.3803041603361,25.0,25.0,25.0,0.0,951.3803,951.3803,0.0
POINTVOL,1175.0,0.0,947.9893155800398,25.0,25.0,25.0,0.0,947.9893,947.9893,0.0
POINTVOL,1175.0,25.0,948.4969310889114,25.0,25.0,25.0,0.0,948.4969,948.4969,0.0
POINTVOL,1175.0,50.0,957.8625869820575,25.0,25.0,25.0,0.0,957.8626,950.1974,7.6652
POINTVOL,1175.0,75.0,962.4716663949573,25.0,25.0,25.0,0.0,962.4717,951.0729,11.3987
POINTVOL,1175.0,100.0,962.4716663950114,25.0,25.0,25.0,0.0,962.4717,951.2006,11.2711
POINTVOL,1175.0,125.0,961.8716663950032,25.0,25.0,25.0,0.0,961.8717,949.0505,12.8212
POINTVOL,1175.0,150.0,957.269253614974,25.0,25.0,25.0,0.0,957.2693,946.2387,11.0305
POINTVOL,1175.0,175.0,947.1761798110315,25.0,25.0,25.0,0.0,947.1762,947.1762,0.0
POINTVOL,1175.0,200.0,948.3549024211625,25.0,25.0,25.0,0.0,948.3549,948.3549,0.0
POINTVOL,1175.0,225.0,948.4226984090042,25.0,25.0,25.0,0.0,948.4227,948.4227,0.0
POINTVOL,1175.0,250.0,946.602168975327,25.0,25.0,25.0,0.0,946.6022,946.6022,0.0
POINTVOL,1175.0,275.0,943.8729853272985,25.0,25.0,25.0,0.0,943.873,943.873,0.0
POINTVOL,1175.0,300.0,947.5586047973123,25.0,25.0,25.0,0.0,947.5586,947.5586,0.0
POINTVOL,1175.0,325.0,949.8896483331212,25.0,25.0,25.0,0.0,949.8896,949.8896,0.0
POINTVOL,1175.0,350.0,947.7474883089998,25.0,25.0,25.0,0.0,947.7475,947.7475,0.0
POINTVOL,1200.0,0.0,942.062884828564,25.0,25.0,25.0,0.0,942.0629,942.0629,0.0
POINTVOL,1200.0,25.0,942.4888433384458,25.0,25.0,25.0,0.0,942.4888,942.4888,0.0
POINTVOL,1200.0,50.0,944.9028524193371,25.0,25.0,25.0,0.0,944.9029,944.9029,0.0
POINTVOL,1200.0,75.0,946.7225844105085,25.0,25.0,25.0,0.0,946.7226,946.7226,0.0
POINTVOL,1200.0,100.0,946.6397512354113,25.0,25.0,25.0,0.0,946.6398,946.6398,0.0
POINTVOL,1200.0,125.0,945.2049997283484,25.0,25.0,25.0,0.0,945.205,944.7694,0.4356
POINTVOL,1200.0,150.0,943.5915100626421,25.0,25.0,25.0,0.0,943.5915,942.408,1.1835
POINTVOL,1200.0,175.0,946.0353580247331,25.0,25.0,25.0,0.0,946.0354,946.0354,0.0
POINTVOL,1200.0,200.0,945.8569990110348,25.0,25.0,25.0,0.0,945.857,945.857,0.0
POINTVOL,1200.0,225.0,945.3413411800079,25.0,25.0,25.0,0.0,945.3413,945.3413,0.0
POINTVOL,1200.0,250.0,943.2793936219431,25.0,25.0,25.0,0.0,943.2794,943.2794,0.0
POINTVOL,1200.0,275.0,941.4038742819752,25.0,25.0,25.0,0.0,941.4039,941.4039,0.0
POINTVOL,1200.0,300.0,944.8536423391146,25.0,25.0,25.0,0.0,944.8536,944.8536,0.0
POINTVOL,1200.0,325.0,946.4015724613653,25.0,25.0,25.0,0.0,946.4016,946.4016,0.0
POINTVOL,1200.0,350.0,945.8485701707033,25.0,25.0,25.0,0.0,945.8486,945.8486,0.0
POINTVOL,1225.0,0.0,935.656824001455,25.0,25.0,25.0,0.0,935.6568,935.6568,0.0
POINTVOL,1225.0,25.0,935.6000521471904,25.0,25.0,25.0,0.0,935.6001,935.6001,0.0
POINTVOL,1225.0,50.0,936.1897894501399,25.0,25.0,25.0,0.0,936.1898,936.1898,0.0
POINTVOL,1225.0,75.0,938.3116687395834,25.0,25.0,25.0,0.0,938.3117,938.3117,0.0
POINTVOL,1225.0,100.0,939.4902241312159,25.0,25.0,25.0,0.0,939.4902,939.4902,0.0
POINTVOL,1225.0,125.0,939.3946744580653,25.0,25.0,25.0,0.0,939.3947,939.3947,0.0
POINTVOL,1225.0,150.0,941.0204761767325,25.0,25.0,25.0,0.0,941.0205,941.0205,0.0
POINTVOL,1225.0,175.0,943.40060693499,25.0,25.0,25.0,0.0,943.4006,943.4006,0.0
POINTVOL,1225.0,200.0,942.7792552020978,25.0,25.0,25.0,0.0,942.7793,942.7793,0.0
POINTVOL,1225.0,225.0,942.182174365701,25.0,25.0,25.0,0.0,942.1822,942.1822,0.0
POINTVOL,1225.0,250.0,940.7529530461561,25.0,25.0,25.0,0.0,940.753,940.753,0.0
POINTVOL,1225.0,275.0,939.6327072747798,25.0,25.0,25.0,0.0,939.6327,939.6327,0.0
POINTVOL,1225.0,300.0,942.745703470333,25.0,25.0,25.0,0.0,942.7457,942.7457,0.0
POINTVOL,1225.0,325.0,943.0319042126832,25.0,25.0,25.0,0.0,943.0319,943.0319,0.0
POINTVOL,1225.0,350.0,942.6426201835737,25.0,25.0,25.0,0.0,942.6426,942.6426,0.0
POINTVOL,1250.0,0.0,931.3865659374502,25.0,25.0,25.0,0.0,931.3866,931.3866,0.0
POINTVOL,1250.0,25.0,931.0378625147429,25.0,25.0,25.0,0.0,931.0379,931.0379,0.0
POINTVOL,1250.0,50.0,932.2427511675949,25.0,25.0,25.0,0.0,932.2428,932.2428,0.0
POINTVOL,1250.0,75.0,933.721623654726,25.0,25.0,25.0,0.0,933.7216,933.7216,0.0
POINTVOL,1250.0,100.0,934.2031085992238,25.0,25.0,25.0,0.0,934.2031,934.2031,0.0
POINTVOL,1250.0,125.0,935.7576364697409,25.0,25.0,25.0,0.0,935.7576,935.7576,0.0
POINTVOL,1250.0,150.0,938.3885950494029,25.0,25.0,25.0,0.0,938.3886,938.3886,0.0
POINTVOL,1250.0,175.0,939.6211329252268,25.0,25.0,25.0,0.0,939.6211,939.6211,0.0
POINTVOL,1250.0,200.0,938.8779378240064,25.0,25.0,25.0,0.0,938.8779,938.8779,0.0
POINTVOL,1250.0,225.0,938.6078018547393,25.0,25.0,25.0,0.0,938.6078,938.6078,0.0
POINTVOL,1250.0,250.0,937.5820000364827,25.0,25.0,25.0,0.0,937.582,937.582,0.0
POINTVOL,1250.0,275.0,938.5381718738955,25.0,25.0,25.0,0.0,938.5382,938.5382,0.0
POINTVOL,1250.0,300.0,939.1753025882623,25.0,25.0,25.0,0.0,939.1753,939.1753,0.0
POINTVOL,1250.0,325.0,939.4441504037056,25.0,25.0,25.0,0.0,939.4442,939.4442,0.0
POINTVOL,1250.0,350.0,939.351887956439,25.0,25.0,25.0,0.0,939.3519,939.3519,0.0
POINTVOL,1275.0,0.0,933.1661284406156,25.0,25.0,25.0,0.0,933.1661,933.1661,0.0
POINTVOL,1275.0,25.0,933.1979372059166,25.0,25.0,25.0,0.0,933.1979,933.1979,0.0
POINTVOL,1275.0,50.0,933.106546963703,25.0,25.0,25.0,0.0,933.1065,933.1065,0.0
POINTVOL,1275.0,75.0,932.9245753930454,25.0,25.0,25.0,0.0,932.9246,932.9246,0.0
POINTVOL,1275.0,100.0,932.379168156153,25.0,25.0,25.0,0.0,932.3792,932.3792,0.0
POINTVOL,1275.0,125.0,933.1879381552305,25.0,25.0,25.0,0.0,933.1879,933.1879,0.0
POINTVOL,1275.0,150.0,934.1686642910604,25.0,25.0,25.0,0.0,934.1687,934.1687,0.0
POINTVOL,1275.0,175.0,934.6325104566351,25.0,25.0,25.0,0.0,934.6325,934.6325,0.0
POINTVOL,1275.0,200.0,935.2281834755158,25.0,25.0,25.0,0.0,935.2282,935.2282,0.0
POINTVOL,1275.0,225.0,935.3351036467989,25.0,25.0,25.0,0.0,935.3351,935.3351,0.0
POINTVOL,1275.0,250.0,934.9539612271777,25.0,25.0,25.0,0.0,934.954,934.954,0.0
POINTVOL,1275.0,275.0,934.9019006828652,25.0,25.0,25.0,0.0,934.9019,934.9019,0.0
POINTVOL,1275.0,300.0,934.8820888781471,25.0,25.0,25.0,0.0,934.8821,934.8821,0.0
POINTVOL,1275.0,325.0,934.7220523013949,25.0,25.0,25.0,0.0,934.7221,934.7221,0.0
POINTVOL,1275.0,350.0,934.5298457187497,25.0,25.0,25.0,0.0,934.5298,934.5298,0.0
