Name,X,Y,Z,ScaleX,ScaleY,ScaleZ,Rotation,CUT,FILL,AREACUT,AREAFILL,SUM
GRIDCELL,12.500000000000002,12.500000000000002,0.0,25.0,25.0,25.0,0.0,0.0,0.0,194.3456,430.6544,0.0
GRIDCELL,12.500000000000002,37.5,0.0,25.0,25.0,25.0,0.0,0.0,0.0,374.3156,250.6844,0.0
GRIDCELL,12.500000000000002,62.5,0.0,25.0,25.0,25.0,0.0,0.0,0.0,0.0,625.0,0.0
GRIDCELL,12.500000000000002,87.5,0.0,25.0,25.0,25.0,0.0,0.0,0.0,475.0,150.0,0.0
GRIDCELL,12.500000000000002,112.5,0.0,25.0,25.0,25.0,0.0,0.0,0.0,625.0,0.0,0.0
GRIDCELL,12.500000000000002,137.5,0.0,25.0,25.0,25.0,0.0,0.0,0.0,625.0,0.0,0.0
GRIDCELL,12.500000000000002,162.5,0.0,25.0,25.0,25.0,0.0,0.0,0.0,426.4731,198.5269,0.0
GRIDCELL,12.500000000000002,187.5,0.0,25.0,25.0,25.0,0.0,0.0,0.0,42.308,582.692,0.0
GRIDCELL,12.500000000000002,212.5,0.0,25.0,25.0,25.0,0.0,0.0,0.0,139.479,485.521,0.0
GRIDCELL,12.500000000000002,237.5,0.0,25.0,25.0,25.0,0.0,0.0,0.0,571.463,53.537,0.0
GRIDCELL,12.500000000000002,262.5,0.0,25.0,25.0,25.0,0.0,0.0,0.0,57.8235,567.1765,0.0
GRIDCELL,12.500000000000002,287.5,0.0,25.0,25.0,25.0,0.0,0.0,0.0,346.3499,278.6501,0.0
GRIDCELL,12.500000000000002,312.5,0.0,25.0,25.0,25.0,0.0,0.0,0.0,625.0,0.0,0.0
GRIDCELL,12.500000000000002,337.5,0.0,25.0,25.0,25.0,0.0,0.0,0.0,561.3518,63.6482,0.0
GRIDCELL,37.5,12.500000000000002,0.0,25.0,25.0,25.0,0.0,0.0,0.0,601.0741,23.9259,0.0
GRIDCELL,37.5,37.5,0.0,25.0,25.0,25.0,0.0,0.0,0.0,167.4927,457.5073,0.0
GRIDCELL,37.5,62.5,0.0,25.0,25.0,25.0,0.0,0.0,0.0,227.8597,397.1403,0.0
GRIDCELL,37.5,87.5,0.0,25.0,25.0,25.0,0.0,0.0,0.0,475.0,150.0,0.0
GRIDCELL,37.5,112.5,0.0,25.0,25.0,25.0,0.0,0.0,0.0,485.8196,139.1804,0.0
GRIDCELL,37.5,137.5,0.0,25.0,25.0,25.0,0.0,0.0,0.0,625.0,0.0,0.0
GRIDCELL,37.5,162.5,0.0,25.0,25.0,25.0,0.0,0.0,0.0,371.5449,253.4551,0.0
GRIDCELL,37.5,187.5,0.0,25.0,25.0,25.0,0.0,0.0,0.0,406.7715,218.2285,0.0
GRIDCELL,37.5,212.5,0.0,25.0,25.0,25.0,0.0,0.0,0.0,551.8809,73.1191,0.0
GRIDCELL,37.5,237.5,0.0,25.0,25.0,25.0,0.0,0.0,0.0,461.7667,163.2333,0.0
GRIDCELL,37.5,262.5,0.0,25.0,25.0,25.0,0.0,0.0,0.0,516.5408,108.4592,0.0
GRIDCELL,37.5,287.5,0.0,25.0,25.0,25.0,0.0,0.0,0.0,625.0,0.0,0.0
GRIDCELL,37.5,312.5,0.0,25.0,25.0,25.0,0.0,0.0,0.0,625.0,0.0,0.0
GRIDCELL,37.5,337.5,0.0,25.0,25.0,25.0,0.0,0.0,0.0,526.4126,98.5874,0.0
GRIDCELL,62.5,12.500000000000002,0.0,25.0,25.0,25.0,0.0,0.0,0.0,151.8258,473.1888,0.0
GRIDCELL,62.5,37.5,0.0,25.0,25.0,25.0,0.0,0.0,7.7,341.7698,283.2302,7.7
GRIDCELL,62.5,62.5,0.0,25.0,25.0,25.0,0.0,0.0,67.7,413.7509,211.2491,67.7
GRIDCELL,62.5,87.5,0.0,25.0,25.0,25.0,0.0,0.0,5.1,453.0737,171.9263,5.1
GRIDCELL,62.5,112.5,0.0,25.0,25.0,25.0,0.0,0.0,0.0,298.0962,326.9038,0.0
GRIDCELL,62.5,137.5,0.0,25.0,25.0,25.0,0.0,0.0,0.0,208.3333,416.6667,0.0
GRIDCELL,62.5,162.5,0.0,25.0,25.0,25.0,0.0,0.0,0.0,606.5853,18.4147,0.0
GRIDCELL,62.5,187.5,0.0,25.0,25.0,25.0,0.0,0.0,0.0,21.0568,603.9432,0.0
GRIDCELL,62.5,212.5,0.0,25.0,25.0,25.0,0.0,0.0,0.0,625.0,0.0,0.0
GRIDCELL,62.5,237.5,0.0,25.0,25.0,25.0,0.0,0.0,0.0,492.9873,132.0127,0.0
GRIDCELL,62.5,262.5,0.0,25.0,25.0,25.0,0.0,0.0,0.0,599.4953,25.5047,0.0
GRIDCELL,62.5,287.5,0.0,25.0,25.0,25.0,0.0,0.0,0.0,564.5599,60.4401,0.0
GRIDCELL,62.5,312.5,0.0,25.0,25.0,25.0,0.0,0.0,0.0,499.8558,125.1442,0.0
GRIDCELL,62.5,337.5,0.0,25.0,25.0,25.0,0.0,0.0,0.0,500.3092,124.6908,0.0
GRIDCELL,87.5,12.500000000000002,0.0,25.0,25.0,25.0,0.0,0.0,0.0,148.5749,476.4251,0.0
GRIDCELL,87.5,37.5,0.0,25.0,25.0,25.0,0.0,0.0,1540.7,196.8885,428.1115,1540.7
GRIDCELL,87.5,62.5,0.0,25.0,25.0,25.0,0.0,0.0,4814.0,0.0,625.0,4814.0
GRIDCELL,87.5,87.5,0.0,25.0,25.0,25.0,0.0,0.0,3951.3,9.1143,615.8857,3951.3
GRIDCELL,87.5,112.5,0.0,25.0,25.0,25.0,0.0,0.0,3112.6,66.454,558.5462,3112.6
GRIDCELL,87.5,137.5,0.0,25.0,25.0,25.0,0.0,0.0,2693.9,38.2581,586.7419,2693.9
GRIDCELL,87.5,162.5,0.0,25.0,25.0,25.0,0.0,0.0,336.4,465.7638,159.2362,336.4
GRIDCELL,87.5,187.5,0.0,25.0,25.0,25.0,0.0,0.0,0.0,625.0,0.0,0.0
GRIDCELL,87.5,212.5,0.0,25.0,25.0,25.0,0.0,0.0,0.0,266.5228,358.4772,0.0
GRIDCELL,87.5,237.5,0.0,25.0,25.0,25.0,0.0,0.0,0.0,537.2488,87.7512,0.0
GRIDCELL,87.5,262.5,0.0,25.0,25.0,25.0,0.0,0.0,0.0,574.9952,50.0048,0.0
GRIDCELL,87.5,287.5,0.0,25.0,25.0,25.0,0.0,0.0,0.0,407.0294,217.9706,0.0
GRIDCELL,87.5,312.5,0.0,25.0,25.0,25.0,0.0,0.0,0.0,515.4237,109.5763,0.0
GRIDCELL,87.5,337.5,0.0,25.0,25.0,25.0,0.0,0.0,0.0,521.7542,103.2458,0.0
GRIDCELL,112.5,12.500000000000002,0.0,25.0,25.0,25.0,0.0,0.0,0.0,355.3421,269.6579,0.0
GRIDCELL,112.5,37.5,0.0,25.0,25.0,25.0,0.0,0.0,1424.6,260.6861,364.3139,1424.6
GRIDCELL,112.5,62.5,0.0,25.0,25.0,25.0,0.0,0.0,7243.4,0.0,625.0,7243.4
GRIDCELL,112.5,87.5,0.0,25.0,25.0,25.0,0.0,0.0,6828.1,0.0,625.0,6828.1
GRIDCELL,112.5,112.5,0.0,25.0,25.0,25.0,0.0,0.0,6299.5,0.0,625.0,6299.5
GRIDCELL,112.5,137.5,0.0,25.0,25.0,25.0,0.0,0.0,5713.3,0.0,625.0,5713.3
GRIDCELL,112.5,162.5,0.0,25.0,25.0,25.0,0.0,0.0,510.3,395.3132,229.6868,510.3
GRIDCELL,112.5,187.5,0.0,25.0,25.0,25.0,0.0,0.0,0.0,583.3562,41.6438,0.0
GRIDCELL,112.5,212.5,0.0,25.0,25.0,25.0,0.0,0.0,0.0,300.1918,324.8082,0.0
GRIDCELL,112.5,237.5,0.0,25.0,25.0,25.0,0.0,0.0,0.0,326.9485,298.0515,0.0
GRIDCELL,112.5,262.5,0.0,25.0,25.0,25.0,0.0,0.0,0.0,555.9641,69.0359,0.0
GRIDCELL,112.5,287.5,0.0,25.0,25.0,25.0,0.0,0.0,0.0,562.1497,62.8503,0.0
GRIDCELL,112.5,312.5,0.0,25.0,25.0,25.0,0.0,0.0,0.0,342.4398,282.5602,0.0
GRIDCELL,112.5,337.5,0.0,25.0,25.0,25.0,0.0,0.0,0.0,157.2312,467.7688,0.0
GRIDCELL,137.5,12.500000000000002,0.0,25.0,25.0,25.0,0.0,0.0,0.0,159.7483,465.2517,0.0
GRIDCELL,137.5,37.5,0.0,25.0,25.0,25.0,0.0,0.0,413.0,329.1163,295.8837,413.0
GRIDCELL,137.5,62.5,0.0,25.0,25.0,25.0,0.0,0.0,4975.2,0.0,625.0,4975.2
GRIDCELL,137.5,87.5,0.0,25.0,25.0,25.0,0.0,0.0,5012.7,0.0,625.0,5012.7
GRIDCELL,137.5,112.5,0.0,25.0,25.0,25.0,0.0,0.0,5428.6,0.0,625.0,5428.6
GRIDCELL,137.5,137.5,0.0,25.0,25.0,25.0,0.0,0.0,6131.3,0.0,625.0,6131.3
GRIDCELL,137.5,162.5,0.0,25.0,25.0,25.0,0.0,0.0,846.2,298.0614,326.9386,846.2
GRIDCELL,137.5,187.5,0.0,25.0,25.0,25.0,0.0,0.0,0.0,563.4363,61.5637,0.0
GRIDCELL,137.5,212.5,0.0,25.0,25.0,25.0,0.0,0.0,0.0,524.0944,100.9056,0.0
GRIDCELL,137.5,237.5,0.0,25.0,25.0,25.0,0.0,0.0,0.0,487.6036,137.3964,0.0
GRIDCELL,137.5,262.5,0.0,25.0,25.0,25.0,0.0,0.0,0.0,340.7423,284.2577,0.0
GRIDCELL,137.5,287.5,0.0,25.0,25.0,25.0,0.0,0.0,0.0,625.0,0.0,0.0
GRIDCELL,137.5,312.5,0.0,25.0,25.0,25.0,0.0,0.0,0.0,625.0,0.0,0.0
GRIDCELL,137.5,337.5,0.0,25.0,25.0,25.0,0.0,0.0,0.0,488.2536,136.7464,0.0
GRIDCELL,162.5,12.500000000000002,0.0,25.0,25.0,25.0,0.0,0.0,0.0,143.6005,481.3995,0.0
GRIDCELL,162.5,37.5,0.0,25.0,25.0,25.0,0.0,0.0,6.6,610.7858,14.2142,6.6
GRIDCELL,162.5,62.5,0.0,25.0,25.0,25.0,0.0,0.0,2498.2,1.427,623.573,2498.2
GRIDCELL,162.5,87.5,0.0,25.0,25.0,25.0,0.0,0.0,3556.2,0.0,625.0,3556.2
GRIDCELL,162.5,112.5,0.0,25.0,25.0,25.0,0.0,0.0,5100.9,0.0,625.0,5100.9
GRIDCELL,162.5,137.5,0.0,25.0,25.0,25.0,0.0,0.0,6859.6,0.0,625.0,6859.6
GRIDCELL,162.5,162.5,0.0,25.0,25.0,25.0,0.0,0.0,1588.9,141.436,483.564,1588.9
GRIDCELL,162.5,187.5,0.0,25.0,25.0,25.0,0.0,0.0,0.0,512.3097,112.6903,0.0
GRIDCELL,162.5,212.5,0.0,25.0,25.0,25.0,0.0,0.0,0.0,568.7913,56.2087,0.0
GRIDCELL,162.5,237.5,0.0,25.0,25.0,25.0,0.0,0.0,0.0,625.0,0.0,0.0
GRIDCELL,162.5,262.5,0.0,25.0,25.0,25.0,0.0,0.0,0.0,625.0,0.0,0.0
GRIDCELL,162.5,287.5,0.0,25.0,25.0,25.0,0.0,0.0,0.0,530.2975,94.7025,0.0
GRIDCELL,162.5,312.5,0.0,25.0,25.0,25.0,0.0,0.0,0.0,625.0,0.0,0.0
GRIDCELL,162.5,337.5,0.0,25.0,25.0,25.0,0.0,0.0,0.0,625.0,0.0,0.0
GRIDCELL,187.5,12.500000000000002,0.0,25.0,25.0,25.0,0.0,0.0,0.0,488.1132,136.8868,0.0
GRIDCELL,187.5,37.5,0.0,25.0,25.0,25.0,0.0,0.0,0.0,625.0,0.0,0.0
GRIDCELL,187.5,62.5,0.0,25.0,25.0,25.0,0.0,0.0,1695.0,66.9451,558.0549,1695.0
GRIDCELL,187.5,87.5,0.0,25.0,25.0,25.0,0.0,0.0,2887.6,0.0,625.0,2887.6
GRIDCELL,187.5,112.5,0.0,25.0,25.0,25.0,0.0,0.0,4439.8,0.0,625.0,4439.8
GRIDCELL,187.5,137.5,0.0,25.0,25.0,25.0,0.0,0.0,6185.1,0.0,625.0,6185.1
GRIDCELL,187.5,162.5,0.0,25.0,25.0,25.0,0.0,0.0,1375.3,147.3165,477.6835,1375.3
GRIDCELL,187.5,187.5,0.0,25.0,25.0,25.0,0.0,0.0,0.0,397.93,227.07,0.0
GRIDCELL,187.5,212.5,0.0,25.0,25.0,25.0,0.0,0.0,0.0,381.8049,243.1951,0.0
GRIDCELL,187.5,237.5,0.0,25.0,25.0,25.0,0.0,0.0,0.0,50.8806,574.1194,0.0
GRIDCELL,187.5,262.5,0.0,25.0,25.0,25.0,0.0,0.0,0.0,5.2317,619.7683,0.0
GRIDCELL,187.5,287.5,0.0,25.0,25.0,25.0,0.0,0.0,0.0,479.5462,145.4538,0.0
GRIDCELL,187.5,312.5,0.0,25.0,25.0,25.0,0.0,0.0,0.0,525.0801,99.9199,0.0
GRIDCELL,187.5,337.5,0.0,25.0,25.0,25.0,0.0,0.0,0.0,527.3198,97.6802,0.0
GRIDCELL,212.5,12.500000000000002,0.0,25.0,25.0,25.0,0.0,0.0,0.0,539.7717,85.2283,0.0
GRIDCELL,212.5,37.5,0.0,25.0,25.0,25.0,0.0,0.0,0.0,364.6819,260.3181,0.0
GRIDCELL,212.5,62.5,0.0,25.0,25.0,25.0,0.0,0.0,771.3,33.5826,591.4172,771.3
GRIDCELL,212.5,87.5,0.0,25.0,25.0,25.0,0.0,0.0,2258.5,0.0,625.0,2258.5
GRIDCELL,212.5,112.5,0.0,25.0,25.0,25.0,0.0,0.0,4384.9,0.0,625.0,4384.9
GRIDCELL,212.5,137.5,0.0,25.0,25.0,25.0,0.0,0.0,6898.4,0.0,625.0,6898.4
GRIDCELL,212.5,162.5,0.0,25.0,25.0,25.0,0.0,0.0,1390.0,79.8802,545.1198,1390.0
GRIDCELL,212.5,187.5,0.0,25.0,25.0,25.0,0.0,0.0,0.0,582.0026,42.9974,0.0
GRIDCELL,212.5,212.5,0.0,25.0,25.0,25.0,0.0,0.0,0.0,200.8888,424.1112,0.0
GRIDCELL,212.5,237.5,0.0,25.0,25.0,25.0,0.0,0.0,0.0,269.5377,355.4623,0.0
GRIDCELL,212.5,262.5,0.0,25.0,25.0,25.0,0.0,0.0,0.0,237.3102,387.6898,0.0
GRIDCELL,212.5,287.5,0.0,25.0,25.0,25.0,0.0,0.0,0.0,614.4578,10.5422,0.0
GRIDCELL,212.5,312.5,0.0,25.0,25.0,25.0,0.0,0.0,0.0,517.35,107.65,0.0
GRIDCELL,212.5,337.5,0.0,25.0,25.0,25.0,0.0,0.0,0.0,509.626,115.374,0.0
GRIDCELL,237.5,12.500000000000002,0.0,25.0,25.0,25.0,0.0,0.0,0.0,613.4808,11.5192,0.0
GRIDCELL,237.5,37.5,0.0,25.0,25.0,25.0,0.0,-26.0,0.0,613.9587,11.0413,-26.0
GRIDCELL,237.5,62.5,0.0,25.0,25.0,25.0,0.0,-148.4,178.3,345.181,279.8185,29.900000000000006
GRIDCELL,237.5,87.5,0.0,25.0,25.0,25.0,0.0,0.0,1874.1,0.0,625.0,1874.1
GRIDCELL,237.5,112.5,0.0,25.0,25.0,25.0,0.0,0.0,4860.5,0.0,625.0,4860.5
GRIDCELL,237.5,137.5,0.0,25.0,25.0,25.0,0.0,0.0,6929.7,0.0,625.0,6929.7
GRIDCELL,237.5,162.5,0.0,25.0,25.0,25.0,0.0,0.0,1057.9,282.5745,342.4255,1057.9
GRIDCELL,237.5,187.5,0.0,25.0,25.0,25.0,0.0,0.0,0.0,360.2077,264.7923,0.0
GRIDCELL,237.5,212.5,0.0,25.0,25.0,25.0,0.0,0.0,0.0,350.3722,274.6278,0.0
GRIDCELL,237.5,237.5,0.0,25.0,25.0,25.0,0.0,0.0,0.0,316.7695,308.2305,0.0
GRIDCELL,237.5,262.5,0.0,25.0,25.0,25.0,0.0,0.0,0.0,236.3647,388.6353,0.0
GRIDCELL,237.5,287.5,0.0,25.0,25.0,25.0,0.0,0.0,0.0,419.3472,205.6528,0.0
GRIDCELL,237.5,312.5,0.0,25.0,25.0,25.0,0.0,0.0,0.0,625.0,0.0,0.0
GRIDCELL,237.5,337.5,0.0,25.0,25.0,25.0,0.0,0.0,0.0,342.6472,282.5177,0.0
GRIDCELL,262.5,12.500000000000002,0.0,25.0,25.0,25.0,0.0,0.0,0.0,381.7414,243.2586,0.0
GRIDCELL,262.5,37.5,0.0,25.0,25.0,25.0,0.0,-109.0,0.0,566.3415,58.6585,-109.0
GRIDCELL,262.5,62.5,0.0,25.0,25.0,25.0,0.0,-537.5,5.6,594.0215,30.9785,-531.9
GRIDCELL,262.5,87.5,0.0,25.0,25.0,25.0,0.0,-1.7,1405.1,15.5429,609.4571,1403.3999999999999
GRIDCELL,262.5,112.5,0.0,25.0,25.0,25.0,0.0,0.0,4915.1,0.0,625.0,4915.1
GRIDCELL,262.5,137.5,0.0,25.0,25.0,25.0,0.0,0.0,6196.6,0.0,625.0,6196.6
GRIDCELL,262.5,162.5,0.0,25.0,25.0,25.0,0.0,0.0,579.3,103.3087,521.6913,579.3
GRIDCELL,262.5,187.5,0.0,25.0,25.0,25.0,0.0,0.0,0.0,2.6924,622.3076,0.0
GRIDCELL,262.5,212.5,0.0,25.0,25.0,25.0,0.0,0.0,0.0,422.1569,202.8431,0.0
GRIDCELL,262.5,237.5,0.0,25.0,25.0,25.0,0.0,0.0,0.0,624.9814,0.0186,0.0
GRIDCELL,262.5,262.5,0.0,25.0,25.0,25.0,0.0,0.0,0.0,254.9895,370.0105,0.0
GRIDCELL,262.5,287.5,0.0,25.0,25.0,25.0,0.0,0.0,0.0,456.1033,168.8967,0.0
GRIDCELL,262.5,312.5,0.0,25.0,25.0,25.0,0.0,0.0,0.0,625.0,0.0,0.0
GRIDCELL,262.5,337.5,0.0,25.0,25.0,25.0,0.0,0.0,0.0,536.0029,88.9971,0.0
GRIDCELL,287.5,12.500000000000002,0.0,25.0,25.0,25.0,0.0,0.0,0.0,329.9287,295.0713,0.0
GRIDCELL,287.5,37.5,0.0,25.0,25.0,25.0,0.0,-198.4,0.0,339.8581,285.1419,-198.4
GRIDCELL,287.5,62.5,0.0,25.0,25.0,25.0,0.0,-664.3,0.0,625.0,0.0,-664.3
GRIDCELL,287.5,87.5,0.0,25.0,25.0,25.0,0.0,-69.4,628.1,187.4688,437.5312,558.7
GRIDCELL,287.5,112.5,0.0,25.0,25.0,25.0,0.0,0.0,3068.8,0.0,625.0,3068.8
GRIDCELL,287.5,137.5,0.0,25.0,25.0,25.0,0.0,0.0,4115.8,0.0,625.0,4115.8
GRIDCELL,287.5,162.5,0.0,25.0,25.0,25.0,0.0,0.0,154.1,252.931,372.069,154.1
GRIDCELL,287.5,187.5,0.0,25.0,25.0,25.0,0.0,0.0,0.0,308.8503,316.1497,0.0
GRIDCELL,287.5,212.5,0.0,25.0,25.0,25.0,0.0,0.0,0.0,625.0,0.0,0.0
GRIDCELL,287.5,237.5,0.0,25.0,25.0,25.0,0.0,0.0,0.0,604.2845,20.7155,0.0
GRIDCELL,287.5,262.5,0.0,25.0,25.0,25.0,0.0,0.0,0.0,0.0,625.0,0.0
GRIDCELL,287.5,287.5,0.0,25.0,25.0,25.0,0.0,0.0,0.0,237.0354,387.9646,0.0
GRIDCELL,287.5,312.5,0.0,25.0,25.0,25.0,0.0,0.0,0.0,625.0,0.0,0.0
GRIDCELL,287.5,337.5,0.0,25.0,25.0,25.0,0.0,0.0,0.0,468.75,156.25,0.0
GRIDCELL,312.5,12.500000000000002,0.0,25.0,25.0,25.0,0.0,0.0,0.0,602.3547,22.6453,0.0
GRIDCELL,312.5,37.5,0.0,25.0,25.0,25.0,0.0,-287.8,0.0,571.3044,53.6956,-287.8
GRIDCELL,312.5,62.5,0.0,25.0,25.0,25.0,0.0,-1025.7,0.0,625.0,0.0,-1025.7
GRIDCELL,312.5,87.5,0.0,25.0,25.0,25.0,0.0,-526.5,24.1,563.2209,61.7791,-502.4
GRIDCELL,312.5,112.5,0.0,25.0,25.0,25.0,0.0,-56.9,916.1,118.5095,506.4905,859.2
GRIDCELL,312.5,137.5,0.0,25.0,25.0,25.0,0.0,0.0,1798.9,50.9231,574.0769,1798.9
GRIDCELL,312.5,162.5,0.0,25.0,25.0,25.0,0.0,0.0,0.8,429.0343,195.9657,0.8
GRIDCELL,312.5,187.5,0.0,25.0,25.0,25.0,0.0,0.0,0.0,425.0453,199.9547,0.0
GRIDCELL,312.5,212.5,0.0,25.0,25.0,25.0,0.0,0.0,0.0,455.1938,169.8062,0.0
GRIDCELL,312.5,237.5,0.0,25.0,25.0,25.0,0.0,0.0,0.0,105.2521,519.7479,0.0
GRIDCELL,312.5,262.5,0.0,25.0,25.0,25.0,0.0,0.0,0.0,625.0,0.0,0.0
GRIDCELL,312.5,287.5,0.0,25.0,25.0,25.0,0.0,0.0,0.0,625.0,0.0,0.0
GRIDCELL,312.5,312.5,0.0,25.0,25.0,25.0,0.0,0.0,0.0,175.6609,449.3391,0.0
GRIDCELL,312.5,337.5,0.0,25.0,25.0,25.0,0.0,0.0,0.0,226.8439,398.1561,0.0
GRIDCELL,337.5,12.500000000000002,0.0,25.0,25.0,25.0,0.0,0.0,0.0,557.7566,67.2434,0.0
GRIDCELL,337.5,37.5,0.0,25.0,25.0,25.0,0.0,-223.3,0.0,542.3904,82.6096,-223.3
GRIDCELL,337.5,62.5,0.0,25.0,25.0,25.0,0.0,-1286.0,0.0,625.0,0.0,-1286.0
GRIDCELL,337.5,87.5,0.0,25.0,25.0,25.0,0.0,-1434.1,0.0,625.0,0.0,-1434.1
GRIDCELL,337.5,112.5,0.0,25.0,25.0,25.0,0.0,-1116.4,4.2,603.618,21.382,-1112.2
GRIDCELL,337.5,137.5,0.0,25.0,25.0,25.0,0.0,-432.6,74.4,507.2109,117.789,-358.20000000000005
GRIDCELL,337.5,162.5,0.0,25.0,25.0,25.0,0.0,-0.8,0.0,452.4849,172.5151,-0.8
GRIDCELL,337.5,187.5,0.0,25.0,25.0,25.0,0.0,0.0,0.0,84.8015,540.1985,0.0
GRIDCELL,337.5,212.5,0.0,25.0,25.0,25.0,0.0,0.0,0.0,325.3309,299.6691,0.0
GRIDCELL,337.5,237.5,0.0,25.0,25.0,25.0,0.0,0.0,0.0,471.4324,153.5676,0.0
GRIDCELL,337.5,262.5,0.0,25.0,25.0,25.0,0.0,0.0,0.0,625.0,0.0,0.0
GRIDCELL,337.5,287.5,0.0,25.0,25.0,25.0,0.0,0.0,0.0,625.0,0.0,0.0
GRIDCELL,337.5,312.5,0.0,25.0,25.0,25.0,0.0,0.0,0.0,594.852,30.148,0.0
GRIDCELL,337.5,337.5,0.0,25.0,25.0,25.0,0.0,0.0,0.0,625.0,0.0,0.0
GRIDCELL,362.5,12.500000000000002,0.0,25.0,25.0,25.0,0.0,0.0,0.0,556.7061,68.2939,0.0
GRIDCELL,362.5,37.5,0.0,25.0,25.0,25.0,0.0,-153.0,0.0,342.5666,282.4334,-153.0
GRIDCELL,362.5,62.5,0.0,25.0,25.0,25.0,0.0,-1316.3,0.0,625.0,0.0,-1316.3
GRIDCELL,362.5,87.5,0.0,25.0,25.0,25.0,0.0,-1908.5,0.0,625.0,0.0,-1908.5
GRIDCELL,362.5,112.5,0.0,25.0,25.0,25.0,0.0,-2101.4,0.0,625.0,0.0,-2101.4
GRIDCELL,362.5,137.5,0.0,25.0,25.0,25.0,0.0,-1621.5,0.0,625.0,0.0,-1621.5
GRIDCELL,362.5,162.5,0.0,25.0,25.0,25.0,0.0,-208.0,0.0,419.7838,205.2162,-208.0
GRIDCELL,362.5,187.5,0.0,25.0,25.0,25.0,0.0,0.0,0.0,0.0,625.0,0.0
GRIDCELL,362.5,212.5,0.0,25.0,25.0,25.0,0.0,0.0,0.0,316.374,308.626,0.0
GRIDCELL,362.5,237.5,0.0,25.0,25.0,25.0,0.0,0.0,0.0,273.81,351.19,0.0
GRIDCELL,362.5,262.5,0.0,25.0,25.0,25.0,0.0,0.0,0.0,625.0,0.0,0.0
GRIDCELL,362.5,287.5,0.0,25.0,25.0,25.0,0.0,0.0,0.0,578.533,46.467,0.0
GRIDCELL,362.5,312.5,0.0,25.0,25.0,25.0,0.0,0.0,0.0,285.6368,339.3632,0.0
GRIDCELL,362.5,337.5,0.0,25.0,25.0,25.0,0.0,0.0,0.0,625.0,0.0,0.0
GRIDCELL,387.5,12.500000000000002,0.0,25.0,25.0,25.0,0.0,0.0,0.0,588.0951,36.9049,0.0
GRIDCELL,387.5,37.5,0.0,25.0,25.0,25.0,0.0,-80.6,0.0,397.3273,227.6727,-80.6
GRIDCELL,387.5,62.5,0.0,25.0,25.0,25.0,0.0,-869.4,0.0,625.0,0.0,-869.4
GRIDCELL,387.5,87.5,0.0,25.0,25.0,25.0,0.0,-2104.9,0.0,625.0,0.0,-2104.9
GRIDCELL,387.5,112.5,0.0,25.0,25.0,25.0,0.0,-2581.9,0.0,625.0,0.0,-2581.9
GRIDCELL,387.5,137.5,0.0,25.0,25.0,25.0,0.0,-2154.8,0.0,625.0,0.0,-2154.8
GRIDCELL,387.5,162.5,0.0,25.0,25.0,25.0,0.0,-453.2,0.0,420.7801,204.2199,-453.2
GRIDCELL,387.5,187.5,0.0,25.0,25.0,25.0,0.0,0.0,0.0,625.0,0.0,0.0
GRIDCELL,387.5,212.5,0.0,25.0,25.0,25.0,0.0,0.0,0.0,464.6918,160.3082,0.0
GRIDCELL,387.5,237.5,0.0,25.0,25.0,25.0,0.0,0.0,0.0,611.1006,13.8994,0.0
GRIDCELL,387.5,262.5,0.0,25.0,25.0,25.0,0.0,0.0,0.0,551.1947,73.8053,0.0
GRIDCELL,387.5,287.5,0.0,25.0,25.0,25.0,0.0,0.0,0.0,572.4925,52.5075,0.0
GRIDCELL,387.5,312.5,0.0,25.0,25.0,25.0,0.0,0.0,0.0,423.8856,201.1144,0.0
GRIDCELL,387.5,337.5,0.0,25.0,25.0,25.0,0.0,0.0,0.0,271.1669,353.8331,0.0
GRIDCELL,412.5,12.500000000000002,0.0,25.0,25.0,25.0,0.0,0.0,0.0,155.9888,469.0112,0.0
GRIDCELL,412.5,37.5,0.0,25.0,25.0,25.0,0.0,-8.7,0.0,458.8185,166.1815,-8.7
GRIDCELL,412.5,62.5,0.0,25.0,25.0,25.0,0.0,-692.5,0.0,625.0,0.0,-692.5
GRIDCELL,412.5,87.5,0.0,25.0,25.0,25.0,0.0,-2254.5,0.0,625.0,0.0,-2254.5
GRIDCELL,412.5,112.5,0.0,25.0,25.0,25.0,0.0,-2787.8,0.0,625.0,0.0,-2787.8
GRIDCELL,412.5,137.5,0.0,25.0,25.0,25.0,0.0,-1957.1,0.0,625.0,0.0,-1957.1
GRIDCELL,412.5,162.5,0.0,25.0,25.0,25.0,0.0,-343.8,0.0,428.9971,196.0029,-343.8
GRIDCELL,412.5,187.5,0.0,25.0,25.0,25.0,0.0,0.0,0.0,0.0,625.0,0.0
GRIDCELL,412.5,212.5,0.0,25.0,25.0,25.0,0.0,0.0,0.0,103.125,521.875,0.0
GRIDCELL,412.5,237.5,0.0,25.0,25.0,25.0,0.0,0.0,0.0,104.5959,520.4041,0.0
GRIDCELL,412.5,262.5,0.0,25.0,25.0,25.0,0.0,0.0,0.0,278.1575,346.8425,0.0
GRIDCELL,412.5,287.5,0.0,25.0,25.0,25.0,0.0,0.0,0.0,78.8071,546.1929,0.0
GRIDCELL,412.5,312.5,0.0,25.0,25.0,25.0,0.0,0.0,0.0,0.0,625.0,0.0
GRIDCELL,412.5,337.5,0.0,25.0,25.0,25.0,0.0,0.0,0.0,208.3333,416.6667,0.0
GRIDCELL,437.5,12.500000000000002,0.0,25.0,25.0,25.0,0.0,0.0,0.0,84.0218,540.9782,0.0
GRIDCELL,437.5,37.5,0.0,25.0,25.0,25.0,0.0,-0.5,0.0,624.928,0.072,-0.5
GRIDCELL,437.5,62.5,0.0,25.0,25.0,25.0,0.0,-574.0,0.2,586.7246,38.275,-573.8
GRIDCELL,437.5,87.5,0.0,25.0,25.0,25.0,0.0,-2120.8,0.0,625.0,0.0,-2120.8
GRIDCELL,437.5,112.5,0.0,25.0,25.0,25.0,0.0,-2771.8,0.0,625.0,0.0,-2771.8
GRIDCELL,437.5,137.5,0.0,25.0,25.0,25.0,0.0,-1752.2,0.0,625.0,0.0,-1752.2
GRIDCELL,437.5,162.5,0.0,25.0,25.0,25.0,0.0,-151.2,0.0,462.1492,162.8508,-151.2
GRIDCELL,437.5,187.5,0.0,25.0,25.0,25.0,0.0,0.0,0.0,312.7371,312.2629,0.0
GRIDCELL,437.5,212.5,0.0,25.0,25.0,25.0,0.0,0.0,0.0,310.6215,314.3785,0.0
GRIDCELL,437.5,237.5,0.0,25.0,25.0,25.0,0.0,0.0,0.0,621.5286,3.4714,0.0
GRIDCELL,437.5,262.5,0.0,25.0,25.0,25.0,0.0,0.0,0.0,375.0,250.0,0.0
GRIDCELL,437.5,287.5,0.0,25.0,25.0,25.0,0.0,0.0,0.0,327.7766,297.2234,0.0
GRIDCELL,437.5,312.5,0.0,25.0,25.0,25.0,0.0,0.0,0.0,500.0,125.0,0.0
GRIDCELL,437.5,337.5,0.0,25.0,25.0,25.0,0.0,0.0,0.0,604.1667,20.8333,0.0
GRIDCELL,462.5,12.500000000000002,0.0,25.0,25.0,25.0,0.0,0.0,0.0,613.1683,11.8317,0.0
GRIDCELL,462.5,37.5,0.0,25.0,25.0,25.0,0.0,0.0,0.0,355.0652,269.9348,0.0
GRIDCELL,462.5,62.5,0.0,25.0,25.0,25.0,0.0,-136.5,81.5,320.8962,304.1033,-55.0
GRIDCELL,462.5,87.5,0.0,25.0,25.0,25.0,0.0,-1655.2,0.0,625.0,0.0,-1655.2
GRIDCELL,462.5,112.5,0.0,25.0,25.0,25.0,0.0,-2558.7,0.0,625.0,0.0,-2558.7
GRIDCELL,462.5,137.5,0.0,25.0,25.0,25.0,0.0,-1645.3,0.0,625.0,0.0,-1645.3
GRIDCELL,462.5,162.5,0.0,25.0,25.0,25.0,0.0,-104.1,0.0,485.1012,139.8988,-104.1
GRIDCELL,462.5,187.5,0.0,25.0,25.0,25.0,0.0,0.0,0.0,563.2213,61.7787,0.0
GRIDCELL,462.5,212.5,0.0,25.0,25.0,25.0,0.0,0.0,0.0,233.8257,391.1743,0.0
GRIDCELL,462.5,237.5,0.0,25.0,25.0,25.0,0.0,0.0,0.0,171.66,453.34,0.0
GRIDCELL,462.5,262.5,0.0,25.0,25.0,25.0,0.0,0.0,0.0,2.038,622.962,0.0
GRIDCELL,462.5,287.5,0.0,25.0,25.0,25.0,0.0,0.0,0.0,125.0,500.0,0.0
GRIDCELL,462.5,312.5,0.0,25.0,25.0,25.0,0.0,0.0,0.0,467.1158,157.8842,0.0
GRIDCELL,462.5,337.5,0.0,25.0,25.0,25.0,0.0,0.0,0.0,587.7361,37.2639,0.0
GRIDCELL,487.5,12.500000000000002,0.0,25.0,25.0,25.0,0.0,0.0,0.0,532.3623,92.6377,0.0
GRIDCELL,487.5,37.5,0.0,25.0,25.0,25.0,0.0,0.0,0.0,264.6612,360.3388,0.0
GRIDCELL,487.5,62.5,0.0,25.0,25.0,25.0,0.0,-59.8,120.8,195.9956,429.0044,61.0
GRIDCELL,487.5,87.5,0.0,25.0,25.0,25.0,0.0,-1348.5,0.0,625.0,0.0,-1348.5
GRIDCELL,487.5,112.5,0.0,25.0,25.0,25.0,0.0,-2432.4,0.0,625.0,0.0,-2432.4
GRIDCELL,487.5,137.5,0.0,25.0,25.0,25.0,0.0,-1974.9,0.0,625.0,0.0,-1974.9
GRIDCELL,487.5,162.5,0.0,25.0,25.0,25.0,0.0,-341.0,0.0,444.3863,180.6137,-341.0
GRIDCELL,487.5,187.5,0.0,25.0,25.0,25.0,0.0,0.0,0.0,281.25,343.75,0.0
GRIDCELL,487.5,212.5,0.0,25.0,25.0,25.0,0.0,0.0,0.0,458.8636,166.1364,0.0
GRIDCELL,487.5,237.5,0.0,25.0,25.0,25.0,0.0,0.0,0.0,625.0,0.0,0.0
GRIDCELL,487.5,262.5,0.0,25.0,25.0,25.0,0.0,0.0,0.0,441.5761,183.4239,0.0
GRIDCELL,487.5,287.5,0.0,25.0,25.0,25.0,0.0,0.0,0.0,250.0,375.0,0.0
GRIDCELL,487.5,312.5,0.0,25.0,25.0,25.0,0.0,0.0,0.0,267.5276,357.4724,0.0
GRIDCELL,487.5,337.5,0.0,25.0,25.0,25.0,0.0,0.0,0.0,566.3365,58.6635,0.0
GRIDCELL,512.5,12.500000000000002,0.0,25.0,25.0,25.0,0.0,0.0,0.0,140.4256,484.5744,0.0
GRIDCELL,512.5,37.5,0.0,25.0,25.0,25.0,0.0,0.0,0.0,98.7201,526.2799,0.0
GRIDCELL,512.5,62.5,0.0,25.0,25.0,25.0,0.0,-28.0,269.2,273.0166,351.9834,241.2
GRIDCELL,512.5,87.5,0.0,25.0,25.0,25.0,0.0,-1345.4,0.0,625.0,0.0,-1345.4
GRIDCELL,512.5,112.5,0.0,25.0,25.0,25.0,0.0,-2528.2,0.0,625.0,0.0,-2528.2
GRIDCELL,512.5,137.5,0.0,25.0,25.0,25.0,0.0,-2424.0,0.0,625.0,0.0,-2424.0
GRIDCELL,512.5,162.5,0.0,25.0,25.0,25.0,0.0,-1071.7,0.0,593.2614,31.7386,-1071.7
GRIDCELL,512.5,187.5,0.0,25.0,25.0,25.0,0.0,-42.0,0.0,171.4708,453.5292,-42.0
GRIDCELL,512.5,212.5,0.0,25.0,25.0,25.0,0.0,0.0,0.0,436.9111,188.0889,0.0
GRIDCELL,512.5,237.5,0.0,25.0,25.0,25.0,0.0,0.0,0.0,498.8889,126.1111,0.0
GRIDCELL,512.5,262.5,0.0,25.0,25.0,25.0,0.0,0.0,0.0,187.5,437.5,0.0
GRIDCELL,512.5,287.5,0.0,25.0,25.0,25.0,0.0,0.0,0.0,405.6675,219.3325,0.0
GRIDCELL,512.5,312.5,0.0,25.0,25.0,25.0,0.0,0.0,0.0,114.4741,510.5259,0.0
GRIDCELL,512.5,337.5,0.0,25.0,25.0,25.0,0.0,0.0,0.0,625.0,0.0,0.0
GRIDCELL,537.5,12.500000000000002,0.0,25.0,25.0,25.0,0.0,0.0,0.0,83.4226,541.5774,0.0
GRIDCELL,537.5,37.5,0.0,25.0,25.0,25.0,0.0,0.0,0.0,118.9835,506.0165,0.0
GRIDCELL,537.5,62.5,0.0,25.0,25.0,25.0,0.0,-38.7,237.6,287.0397,337.9603,198.89999999999998
GRIDCELL,537.5,87.5,0.0,25.0,25.0,25.0,0.0,-1442.1,0.0,625.0,0.0,-1442.1
GRIDCELL,537.5,112.5,0.0,25.0,25.0,25.0,0.0,-2839.0,0.0,624.9545,0.0,-2839.0
GRIDCELL,537.5,137.5,0.0,25.0,25.0,25.0,0.0,-3076.6,0.0,625.0,0.0,-3076.6
GRIDCELL,537.5,162.5,0.0,25.0,25.0,25.0,0.0,-2019.5,0.0,625.0,0.0,-2019.5
GRIDCELL,537.5,187.5,0.0,25.0,25.0,25.0,0.0,-532.3,0.0,624.9983,0.0017,-532.3
GRIDCELL,537.5,212.5,0.0,25.0,25.0,25.0,0.0,-0.2,0.0,401.7934,223.2066,-0.2
GRIDCELL,537.5,237.5,0.0,25.0,25.0,25.0,0.0,0.0,0.0,518.8639,106.1361,0.0
GRIDCELL,537.5,262.5,0.0,25.0,25.0,25.0,0.0,0.0,0.0,209.072,415.928,0.0
GRIDCELL,537.5,287.5,0.0,25.0,25.0,25.0,0.0,0.0,0.0,372.8288,252.1712,0.0
GRIDCELL,537.5,312.5,0.0,25.0,25.0,25.0,0.0,0.0,0.0,152.3493,472.6507,0.0
GRIDCELL,537.5,337.5,0.0,25.0,25.0,25.0,0.0,0.0,0.0,505.3792,119.6208,0.0
GRIDCELL,562.5,12.500000000000002,0.0,25.0,25.0,25.0,0.0,0.0,0.0,18.636,606.364,0.0
GRIDCELL,562.5,37.5,0.0,25.0,25.0,25.0,0.0,0.0,0.0,561.4579,63.5421,0.0
GRIDCELL,562.5,62.5,0.0,25.0,25.0,25.0,0.0,-87.2,143.5,358.4807,266.5193,56.3
GRIDCELL,562.5,87.5,0.0,25.0,25.0,25.0,0.0,-2925.7,0.0,1000.0,0.0,-2925.7
GRIDCELL,562.5,112.5,0.0,25.0,25.0,25.0,0.0,-7166.4,0.0,1425.0377,0.0,-7166.4
GRIDCELL,562.5,137.5,0.0,25.0,25.0,25.0,0.0,-6507.6,0.0,1125.574,0.0,-6507.6
GRIDCELL,562.5,162.5,0.0,25.0,25.0,25.0,0.0,-2880.1,0.0,625.0,0.0,-2880.1
GRIDCELL,562.5,187.5,0.0,25.0,25.0,25.0,0.0,-1060.9,0.0,615.9301,9.0699,-1060.9
GRIDCELL,562.5,212.5,0.0,25.0,25.0,25.0,0.0,-2.0,0.0,206.9955,418.0045,-2.0
GRIDCELL,562.5,237.5,0.0,25.0,25.0,25.0,0.0,0.0,0.0,87.0607,537.9393,0.0
GRIDCELL,562.5,262.5,0.0,25.0,25.0,25.0,0.0,0.0,0.0,280.6909,344.3091,0.0
GRIDCELL,562.5,287.5,0.0,25.0,25.0,25.0,0.0,0.0,0.0,484.6088,140.3912,0.0
GRIDCELL,562.5,312.5,0.0,25.0,25.0,25.0,0.0,0.0,0.0,279.3942,345.6058,0.0
GRIDCELL,562.5,337.5,0.0,25.0,25.0,25.0,0.0,0.0,0.0,123.9945,501.0055,0.0
GRIDCELL,587.5,12.500000000000002,0.0,25.0,25.0,25.0,0.0,0.0,0.0,102.4489,522.5511,0.0
GRIDCELL,587.5,37.5,0.0,25.0,25.0,25.0,0.0,0.0,0.0,353.4067,271.5933,0.0
GRIDCELL,587.5,62.5,0.0,25.0,25.0,25.0,0.0,-171.6,61.9,369.4581,255.5419,-109.69999999999999
GRIDCELL,587.5,87.5,0.0,25.0,25.0,25.0,0.0,-3346.2,0.0,1000.0,0.0,-3346.2
GRIDCELL,587.5,112.5,0.0,25.0,25.0,25.0,0.0,-6844.5,0.0,1282.9615,0.0,-6844.5
GRIDCELL,587.5,137.5,0.0,25.0,25.0,25.0,0.0,-6059.6,0.0,995.7403,0.0,-6059.6
GRIDCELL,587.5,162.5,0.0,25.0,25.0,25.0,0.0,-5786.3,0.0,1126.6316,0.0,-5786.3
GRIDCELL,587.5,187.5,0.0,25.0,25.0,25.0,0.0,-1268.2,13.5,581.5556,53.3597,-1254.7
GRIDCELL,587.5,212.5,0.0,25.0,25.0,25.0,0.0,-3.3,619.0,351.8106,273.1894,615.7
GRIDCELL,587.5,237.5,0.0,25.0,25.0,25.0,0.0,0.0,1841.4,48.1742,576.8258,1841.4
GRIDCELL,587.5,262.5,0.0,25.0,25.0,25.0,0.0,0.0,1762.6,75.6348,549.3652,1762.6
GRIDCELL,587.5,287.5,0.0,25.0,25.0,25.0,0.0,0.0,1.1,61.1499,563.8501,1.1
GRIDCELL,587.5,312.5,0.0,25.0,25.0,25.0,0.0,0.0,0.0,355.9028,269.0972,0.0
GRIDCELL,587.5,337.5,0.0,25.0,25.0,25.0,0.0,0.0,0.0,375.697,249.303,0.0
GRIDCELL,612.5,12.500000000000002,0.0,25.0,25.0,25.0,0.0,0.0,0.0,200.985,424.015,0.0
GRIDCELL,612.5,37.5,0.0,25.0,25.0,25.0,0.0,0.0,0.0,505.1431,119.8569,0.0
GRIDCELL,612.5,62.5,0.0,25.0,25.0,25.0,0.0,-293.4,12.9,484.619,140.381,-280.5
GRIDCELL,612.5,87.5,0.0,25.0,25.0,25.0,0.0,-3716.4,0.0,1000.0,0.0,-3716.4
GRIDCELL,612.5,112.5,0.0,25.0,25.0,25.0,0.0,-6706.3,0.0,1208.8386,0.0,-6706.3
GRIDCELL,612.5,137.5,0.0,25.0,25.0,25.0,0.0,-6987.0,0.0,1100.1654,0.0,-6987.0
GRIDCELL,612.5,162.5,0.0,25.0,25.0,25.0,0.0,-5233.1,0.0,1014.2225,0.0,-5233.1
GRIDCELL,612.5,187.5,0.0,25.0,25.0,25.0,0.0,-3148.3,79.9,1338.0897,164.5553,-3068.4
GRIDCELL,612.5,212.5,0.0,25.0,25.0,25.0,0.0,-5.3,2211.8,34.3997,1340.6003,2206.5
GRIDCELL,612.5,237.5,0.0,25.0,25.0,25.0,0.0,0.0,2455.2,0.0,625.0,2455.2
GRIDCELL,612.5,262.5,0.0,25.0,25.0,25.0,0.0,0.0,2153.9,24.3229,600.6771,2153.9
GRIDCELL,612.5,287.5,0.0,25.0,25.0,25.0,0.0,0.0,326.2,277.87,347.13,326.2
GRIDCELL,612.5,312.5,0.0,25.0,25.0,25.0,0.0,0.0,20.2,73.3884,551.6116,20.2
GRIDCELL,612.5,337.5,0.0,25.0,25.0,25.0,0.0,0.0,0.0,555.2428,69.7572,0.0
GRIDCELL,637.5,12.500000000000002,0.0,25.0,25.0,25.0,0.0,0.0,0.0,444.1911,180.8089,0.0
GRIDCELL,637.5,37.5,0.0,25.0,25.0,25.0,0.0,0.0,0.0,426.9969,198.0031,0.0
GRIDCELL,637.5,62.5,0.0,25.0,25.0,25.0,0.0,-628.3,0.0,600.7581,24.2419,-628.3
GRIDCELL,637.5,87.5,0.0,25.0,25.0,25.0,0.0,-4530.4,0.0,1000.0,0.0,-4530.4
GRIDCELL,637.5,112.5,0.0,25.0,25.0,25.0,0.0,-5575.7,0.0,1000.0,0.0,-5575.7
GRIDCELL,637.5,137.5,0.0,25.0,25.0,25.0,0.0,-4304.2,0.0,642.6054,0.0,-4304.2
GRIDCELL,637.5,162.5,0.0,25.0,25.0,25.0,0.0,-5963.3,0.0,944.4074,0.0,-5963.3
GRIDCELL,637.5,187.5,0.0,25.0,25.0,25.0,0.0,-4983.0,0.0,1250.0,0.0,-4983.0
GRIDCELL,637.5,212.5,0.0,25.0,25.0,25.0,0.0,-1524.1,91.9,1037.2332,212.7668,-1432.1999999999998
GRIDCELL,637.5,237.5,0.0,25.0,25.0,25.0,0.0,-223.2,312.9,307.703,337.997,89.69999999999999
GRIDCELL,637.5,262.5,0.0,25.0,25.0,25.0,0.0,-106.0,487.4,212.901,443.6166,381.4
GRIDCELL,637.5,287.5,0.0,25.0,25.0,25.0,0.0,-24.4,602.8,85.2413,539.7586,578.4
GRIDCELL,637.5,312.5,0.0,25.0,25.0,25.0,0.0,0.0,511.4,200.1412,424.8588,511.4
GRIDCELL,637.5,337.5,0.0,25.0,25.0,25.0,0.0,0.0,0.0,534.0267,90.9733,0.0
GRIDCELL,662.5,12.500000000000002,0.0,25.0,25.0,25.0,0.0,0.0,0.0,599.2275,25.7725,0.0
GRIDCELL,662.5,37.5,0.0,25.0,25.0,25.0,0.0,0.0,0.0,531.5393,93.4607,0.0
GRIDCELL,662.5,62.5,0.0,25.0,25.0,25.0,0.0,-961.8,0.0,519.8802,105.1198,-961.8
GRIDCELL,662.5,87.5,0.0,25.0,25.0,25.0,0.0,-4456.2,0.0,1000.0,0.0,-4456.2
GRIDCELL,662.5,112.5,0.0,25.0,25.0,25.0,0.0,-5815.1,0.0,1000.0,0.0,-5815.1
GRIDCELL,662.5,137.5,0.0,25.0,25.0,25.0,0.0,-4411.2,0.0,625.5631,0.0,-4411.2
GRIDCELL,662.5,162.5,0.0,25.0,25.0,25.0,0.0,-5007.6,0.0,722.7286,0.0,-5007.6
GRIDCELL,662.5,187.5,0.0,25.0,25.0,25.0,0.0,-7639.4,0.0,1250.0,0.0,-7639.4
GRIDCELL,662.5,212.5,0.0,25.0,25.0,25.0,0.0,-5794.4,0.0,1250.0,0.0,-5794.4
GRIDCELL,662.5,237.5,0.0,25.0,25.0,25.0,0.0,-2158.1,0.0,687.1,0.0,-2158.1
GRIDCELL,662.5,262.5,0.0,25.0,25.0,25.0,0.0,-1465.4,0.0,672.0,0.0,-1465.4
GRIDCELL,662.5,287.5,0.0,25.0,25.0,25.0,0.0,-551.6,7.0,580.494,44.506,-544.6
GRIDCELL,662.5,312.5,0.0,25.0,25.0,25.0,0.0,-6.1,224.4,273.223,351.777,218.3
GRIDCELL,662.5,337.5,0.0,25.0,25.0,25.0,0.0,0.0,0.0,534.285,90.715,0.0
GRIDCELL,687.5,12.500000000000002,0.0,25.0,25.0,25.0,0.0,0.0,0.0,336.6633,288.3367,0.0
GRIDCELL,687.5,37.5,0.0,25.0,25.0,25.0,0.0,-5.3,0.0,188.4221,436.5779,-5.3
GRIDCELL,687.5,62.5,0.0,25.0,25.0,25.0,0.0,-1569.6,0.0,605.6754,19.3246,-1569.6
GRIDCELL,687.5,87.5,0.0,25.0,25.0,25.0,0.0,-4525.5,0.0,1000.0,0.0,-4525.5
GRIDCELL,687.5,112.5,0.0,25.0,25.0,25.0,0.0,-5659.1,0.0,1000.0,0.0,-5659.1
GRIDCELL,687.5,137.5,0.0,25.0,25.0,25.0,0.0,-4388.8,0.0,625.0,0.0,-4388.8
GRIDCELL,687.5,162.5,0.0,25.0,25.0,25.0,0.0,-4516.7,0.0,625.0,0.0,-4516.7
GRIDCELL,687.5,187.5,0.0,25.0,25.0,25.0,0.0,-8778.9,0.0,1250.0,0.0,-8778.9
GRIDCELL,687.5,212.5,0.0,25.0,25.0,25.0,0.0,-7837.4,0.0,1250.0,0.0,-7837.4
GRIDCELL,687.5,237.5,0.0,25.0,25.0,25.0,0.0,-3237.7,0.0,648.7,0.0,-3237.7
GRIDCELL,687.5,262.5,0.0,25.0,25.0,25.0,0.0,-2203.2,0.0,653.1061,0.0,-2203.2
GRIDCELL,687.5,287.5,0.0,25.0,25.0,25.0,0.0,-950.4,0.0,624.9992,0.0,-950.4
GRIDCELL,687.5,312.5,0.0,25.0,25.0,25.0,0.0,-53.5,47.2,351.208,273.792,-6.299999999999997
GRIDCELL,687.5,337.5,0.0,25.0,25.0,25.0,0.0,0.0,0.0,607.8425,17.1575,0.0
GRIDCELL,712.5,12.500000000000002,0.0,25.0,25.0,25.0,0.0,0.0,0.0,569.7602,55.2398,0.0
GRIDCELL,712.5,37.5,0.0,25.0,25.0,25.0,0.0,-42.6,0.0,591.2533,33.7467,-42.6
GRIDCELL,712.5,62.5,0.0,25.0,25.0,25.0,0.0,-1879.1,0.0,625.0,0.0,-1879.1
GRIDCELL,712.5,87.5,0.0,25.0,25.0,25.0,0.0,-4225.1,0.0,1000.0,0.0,-4225.1
GRIDCELL,712.5,112.5,0.0,25.0,25.0,25.0,0.0,-5349.5,0.0,1000.0,0.0,-5349.5
GRIDCELL,712.5,137.5,0.0,25.0,25.0,25.0,0.0,-4464.8,0.0,625.0,0.0,-4464.8
GRIDCELL,712.5,162.5,0.0,25.0,25.0,25.0,0.0,-4629.5,0.0,625.0,0.0,-4629.5
GRIDCELL,712.5,187.5,0.0,25.0,25.0,25.0,0.0,-9087.6,0.0,1250.0,0.0,-9087.6
GRIDCELL,712.5,212.5,0.0,25.0,25.0,25.0,0.0,-8480.6,0.0,1250.0,0.0,-8480.6
GRIDCELL,712.5,237.5,0.0,25.0,25.0,25.0,0.0,-4931.6,0.0,866.5,0.0,-4931.6
GRIDCELL,712.5,262.5,0.0,25.0,25.0,25.0,0.0,-2581.6,0.0,674.8466,0.0,-2581.6
GRIDCELL,712.5,287.5,0.0,25.0,25.0,25.0,0.0,-897.3,9.6,587.9988,37.0012,-887.6999999999999
GRIDCELL,712.5,312.5,0.0,25.0,25.0,25.0,0.0,-29.0,102.4,341.3026,283.6937,73.4
GRIDCELL,712.5,337.5,0.0,25.0,25.0,25.0,0.0,0.0,3.8,22.7673,602.2327,3.8
GRIDCELL,737.5,12.500000000000002,0.0,25.0,25.0,25.0,0.0,0.0,0.0,355.0626,269.9374,0.0
GRIDCELL,737.5,37.5,0.0,25.0,25.0,25.0,0.0,-19.9,0.0,393.8994,231.1006,-19.9
GRIDCELL,737.5,62.5,0.0,25.0,25.0,25.0,0.0,-1341.8,0.0,625.0,0.0,-1341.8
GRIDCELL,737.5,87.5,0.0,25.0,25.0,25.0,0.0,-3141.5,0.0,1000.0,0.0,-3141.5
GRIDCELL,737.5,112.5,0.0,25.0,25.0,25.0,0.0,-4511.0,0.0,1000.0,0.0,-4511.0
GRIDCELL,737.5,137.5,0.0,25.0,25.0,25.0,0.0,-4169.7,0.0,625.0,0.0,-4169.7
GRIDCELL,737.5,162.5,0.0,25.0,25.0,25.0,0.0,-4585.3,0.0,625.0,0.0,-4585.3
GRIDCELL,737.5,187.5,0.0,25.0,25.0,25.0,0.0,-8984.4,0.0,1250.0,0.0,-8984.4
GRIDCELL,737.5,212.5,0.0,25.0,25.0,25.0,0.0,-8602.1,0.0,1250.0,0.0,-8602.1
GRIDCELL,737.5,237.5,0.0,25.0,25.0,25.0,0.0,-4642.7,0.0,812.3256,0.0,-4642.7
GRIDCELL,737.5,262.5,0.0,25.0,25.0,25.0,0.0,-2129.6,0.0,638.9302,0.0,-2129.6
GRIDCELL,737.5,287.5,0.0,25.0,25.0,25.0,0.0,-282.1,165.5,374.3438,250.6518,-116.60000000000002
GRIDCELL,737.5,312.5,0.0,25.0,25.0,25.0,0.0,0.0,1175.7,30.1091,594.8918,1175.7
GRIDCELL,737.5,337.5,0.0,25.0,25.0,25.0,0.0,0.0,2072.5,41.7983,583.2017,2072.5
GRIDCELL,762.5,12.500000000000002,0.0,25.0,25.0,25.0,0.0,0.0,0.0,238.7839,386.2161,0.0
GRIDCELL,762.5,37.5,0.0,25.0,25.0,25.0,0.0,0.0,0.0,165.2949,459.7051,0.0
GRIDCELL,762.5,62.5,0.0,25.0,25.0,25.0,0.0,-260.3,22.7,535.6129,89.3871,-237.60000000000002
GRIDCELL,762.5,87.5,0.0,25.0,25.0,25.0,0.0,-1277.4,4.5,967.242,32.758,-1272.9
GRIDCELL,762.5,112.5,0.0,25.0,25.0,25.0,0.0,-2897.5,0.0,1000.0,0.0,-2897.5
GRIDCELL,762.5,137.5,0.0,25.0,25.0,25.0,0.0,-3015.2,0.0,625.0,0.0,-3015.2
GRIDCELL,762.5,162.5,0.0,25.0,25.0,25.0,0.0,-3828.5,0.0,625.0,0.0,-3828.5
GRIDCELL,762.5,187.5,0.0,25.0,25.0,25.0,0.0,-8318.3,0.0,1250.0,0.0,-8318.3
GRIDCELL,762.5,212.5,0.0,25.0,25.0,25.0,0.0,-8164.1,0.0,1250.0,0.0,-8164.1
GRIDCELL,762.5,237.5,0.0,25.0,25.0,25.0,0.0,-4643.8,0.0,891.5445,0.0,-4643.8
GRIDCELL,762.5,262.5,0.0,25.0,25.0,25.0,0.0,-2607.0,0.0,887.4414,0.0,-2607.0
GRIDCELL,762.5,287.5,0.0,25.0,25.0,25.0,0.0,-177.5,107.9,340.6565,281.7908,-69.6
GRIDCELL,762.5,312.5,0.0,25.0,25.0,25.0,0.0,0.0,532.8,129.7619,473.9231,532.8
GRIDCELL,762.5,337.5,0.0,25.0,25.0,25.0,0.0,0.0,235.8,330.0805,294.9195,235.8
GRIDCELL,787.5,12.500000000000002,0.0,25.0,25.0,25.0,0.0,0.0,0.0,81.5033,543.4967,0.0
GRIDCELL,787.5,37.5,0.0,25.0,25.0,25.0,0.0,0.0,0.0,124.4161,500.5839,0.0
GRIDCELL,787.5,62.5,0.0,25.0,25.0,25.0,0.0,0.0,598.0,139.2376,485.7624,598.0
GRIDCELL,787.5,87.5,0.0,25.0,25.0,25.0,0.0,-26.0,961.4,107.1197,892.8803,935.4
GRIDCELL,787.5,112.5,0.0,25.0,25.0,25.0,0.0,-1654.6,62.3,880.2593,119.7407,-1592.3
GRIDCELL,787.5,137.5,0.0,25.0,25.0,25.0,0.0,-2751.8,0.0,777.9396,0.0,-2751.8
GRIDCELL,787.5,162.5,0.0,25.0,25.0,25.0,0.0,-3192.3,0.0,651.366,0.0,-3192.3
GRIDCELL,787.5,187.5,0.0,25.0,25.0,25.0,0.0,-7118.9,0.0,1267.8076,0.0,-7118.9
GRIDCELL,787.5,212.5,0.0,25.0,25.0,25.0,0.0,-7004.9,0.0,1250.0,0.0,-7004.9
GRIDCELL,787.5,237.5,0.0,25.0,25.0,25.0,0.0,-3468.0,0.0,772.4176,0.0,-3468.0
GRIDCELL,787.5,262.5,0.0,25.0,25.0,25.0,0.0,-1263.1,0.0,685.5833,13.2571,-1263.1
GRIDCELL,787.5,287.5,0.0,25.0,25.0,25.0,0.0,-12.0,0.0,259.8515,367.3458,-12.0
GRIDCELL,787.5,312.5,0.0,25.0,25.0,25.0,0.0,0.0,0.0,423.8655,201.1345,0.0
GRIDCELL,787.5,337.5,0.0,25.0,25.0,25.0,0.0,0.0,0.0,625.0,0.0,0.0
GRIDCELL,812.5,12.500000000000002,0.0,25.0,25.0,25.0,0.0,0.0,0.0,65.5777,559.4223,0.0
GRIDCELL,812.5,37.5,0.0,25.0,25.0,25.0,0.0,0.0,0.0,435.8462,189.1538,0.0
GRIDCELL,812.5,62.5,0.0,25.0,25.0,25.0,0.0,0.0,1595.7,113.075,511.925,1595.7
GRIDCELL,812.5,87.5,0.0,25.0,25.0,25.0,0.0,0.0,3347.4,0.0,1000.0,3347.4
GRIDCELL,812.5,112.5,0.0,25.0,25.0,25.0,0.0,-933.3,570.1,633.263,441.737,-363.19999999999993
GRIDCELL,812.5,137.5,0.0,25.0,25.0,25.0,0.0,-2043.2,0.0,767.6043,0.0,-2043.2
GRIDCELL,812.5,162.5,0.0,25.0,25.0,25.0,0.0,-4975.0,0.0,1261.4465,0.0,-4975.0
GRIDCELL,812.5,187.5,0.0,25.0,25.0,25.0,0.0,-5817.7,0.0,1213.9275,0.0,-5817.7
GRIDCELL,812.5,212.5,0.0,25.0,25.0,25.0,0.0,-5031.8,0.0,1054.2053,0.0,-5031.8
GRIDCELL,812.5,237.5,0.0,25.0,25.0,25.0,0.0,-2783.6,0.0,728.4892,0.0,-2783.6
GRIDCELL,812.5,262.5,0.0,25.0,25.0,25.0,0.0,-908.3,0.0,614.5443,10.451,-908.3
GRIDCELL,812.5,287.5,0.0,25.0,25.0,25.0,0.0,-2.0,0.0,278.967,346.0305,-2.0
GRIDCELL,812.5,312.5,0.0,25.0,25.0,25.0,0.0,0.0,0.0,12.8612,612.1388,0.0
GRIDCELL,812.5,337.5,0.0,25.0,25.0,25.0,0.0,0.0,0.0,114.5716,510.4284,0.0
GRIDCELL,837.5,12.500000000000002,0.0,25.0,25.0,25.0,0.0,0.0,0.0,190.2297,434.7703,0.0
GRIDCELL,837.5,37.5,0.0,25.0,25.0,25.0,0.0,0.0,0.0,95.1831,529.8169,0.0
GRIDCELL,837.5,62.5,0.0,25.0,25.0,25.0,0.0,0.0,2113.7,72.2105,552.7895,2113.7
GRIDCELL,837.5,87.5,0.0,25.0,25.0,25.0,0.0,0.0,5121.5,0.0,1000.0,5121.5
GRIDCELL,837.5,112.5,0.0,25.0,25.0,25.0,0.0,-1023.1,1284.6,741.8984,732.5842,261.4999999999999
GRIDCELL,837.5,137.5,0.0,25.0,25.0,25.0,0.0,-2640.4,0.0,1155.3006,0.0,-2640.4
GRIDCELL,837.5,162.5,0.0,25.0,25.0,25.0,0.0,-3788.8,0.0,1026.5148,0.0,-3788.8
GRIDCELL,837.5,187.5,0.0,25.0,25.0,25.0,0.0,-5458.2,0.0,1252.6574,0.0,-5458.2
GRIDCELL,837.5,212.5,0.0,25.0,25.0,25.0,0.0,-4921.4,0.0,1300.9344,0.0,-4921.4
GRIDCELL,837.5,237.5,0.0,25.0,25.0,25.0,0.0,-2361.7,0.0,787.5057,0.0,-2361.7
GRIDCELL,837.5,262.5,0.0,25.0,25.0,25.0,0.0,-783.7,0.0,625.0048,0.0,-783.7
GRIDCELL,837.5,287.5,0.0,25.0,25.0,25.0,0.0,-7.0,0.0,160.9273,464.0752,-7.0
GRIDCELL,837.5,312.5,0.0,25.0,25.0,25.0,0.0,0.0,0.0,338.8408,286.1592,0.0
GRIDCELL,837.5,337.5,0.0,25.0,25.0,25.0,0.0,0.0,0.0,143.7516,481.2484,0.0
GRIDCELL,862.5,12.500000000000002,0.0,25.0,25.0,25.0,0.0,0.0,0.0,46.9783,578.0217,0.0
GRIDCELL,862.5,37.5,0.0,25.0,25.0,25.0,0.0,0.0,0.0,119.4275,505.5725,0.0
GRIDCELL,862.5,62.5,0.0,25.0,25.0,25.0,0.0,0.0,2208.2,99.5769,525.4231,2208.2
GRIDCELL,862.5,87.5,0.0,25.0,25.0,25.0,0.0,0.0,5249.2,0.0,1000.0,5249.2
GRIDCELL,862.5,112.5,0.0,25.0,25.0,25.0,0.0,-1853.2,1243.3,1116.5309,698.4602,-609.9000000000001
GRIDCELL,862.5,137.5,0.0,25.0,25.0,25.0,0.0,-2453.5,0.0,1043.6241,0.0,-2453.5
GRIDCELL,862.5,162.5,0.0,25.0,25.0,25.0,0.0,-3072.6,0.0,777.1628,0.0,-3072.6
GRIDCELL,862.5,187.5,0.0,25.0,25.0,25.0,0.0,-4178.7,0.0,1237.9609,0.0,-4178.7
GRIDCELL,862.5,212.5,0.0,25.0,25.0,25.0,0.0,-2370.2,0.0,1274.2471,0.0,-2370.2
GRIDCELL,862.5,237.5,0.0,25.0,25.0,25.0,0.0,-1314.4,0.0,887.9801,0.0,-1314.4
GRIDCELL,862.5,262.5,0.0,25.0,25.0,25.0,0.0,-430.1,0.0,697.8487,90.4513,-430.1
GRIDCELL,862.5,287.5,0.0,25.0,25.0,25.0,0.0,0.0,0.0,5.8962,619.1038,0.0
GRIDCELL,862.5,312.5,0.0,25.0,25.0,25.0,0.0,0.0,0.0,63.1552,561.8448,0.0
GRIDCELL,862.5,337.5,0.0,25.0,25.0,25.0,0.0,0.0,0.0,126.8607,498.1393,0.0
GRIDCELL,887.5,12.500000000000002,0.0,25.0,25.0,25.0,0.0,0.0,0.0,616.1535,8.8465,0.0
GRIDCELL,887.5,37.5,0.0,25.0,25.0,25.0,0.0,0.0,0.4,547.1107,77.8893,0.4
GRIDCELL,887.5,62.5,0.0,25.0,25.0,25.0,0.0,0.0,2843.7,6.9135,618.0865,2843.7
GRIDCELL,887.5,87.5,0.0,25.0,25.0,25.0,0.0,0.0,4592.9,0.0,1000.0,4592.9
GRIDCELL,887.5,112.5,0.0,25.0,25.0,25.0,0.0,-1245.7,576.6,706.9652,414.0678,-669.1
GRIDCELL,887.5,137.5,0.0,25.0,25.0,25.0,0.0,-2681.0,0.0,947.561,0.0,-2681.0
GRIDCELL,887.5,162.5,0.0,25.0,25.0,25.0,0.0,-5218.8,0.0,1386.4629,0.0,-5218.8
GRIDCELL,887.5,187.5,0.0,25.0,25.0,25.0,0.0,-3618.0,0.0,1505.5003,3.5207,-3618.0
GRIDCELL,887.5,212.5,0.0,25.0,25.0,25.0,0.0,-325.9,0.0,760.3124,177.8478,-325.9
GRIDCELL,887.5,237.5,0.0,25.0,25.0,25.0,0.0,-59.5,0.0,646.918,7.5796,-59.5
GRIDCELL,887.5,262.5,0.0,25.0,25.0,25.0,0.0,-5.4,0.0,412.237,212.763,-5.4
GRIDCELL,887.5,287.5,0.0,25.0,25.0,25.0,0.0,0.0,0.0,0.0,625.0,0.0
GRIDCELL,887.5,312.5,0.0,25.0,25.0,25.0,0.0,0.0,0.0,261.0138,363.9862,0.0
GRIDCELL,887.5,337.5,0.0,25.0,25.0,25.0,0.0,0.0,0.0,573.9678,51.0322,0.0
GRIDCELL,912.5,12.500000000000002,0.0,25.0,25.0,25.0,0.0,0.0,0.0,524.8333,100.1667,0.0
GRIDCELL,912.5,37.5,0.0,25.0,25.0,25.0,0.0,0.0,10.0,563.3833,61.6167,10.0
GRIDCELL,912.5,62.5,0.0,25.0,25.0,25.0,0.0,0.0,3087.9,4.383,620.617,3087.9
GRIDCELL,912.5,87.5,0.0,25.0,25.0,25.0,0.0,0.0,2709.9,0.5034,999.4966,2709.9
GRIDCELL,912.5,112.5,0.0,25.0,25.0,25.0,0.0,-1308.8,112.8,800.9925,199.0075,-1196.0
GRIDCELL,912.5,137.5,0.0,25.0,25.0,25.0,0.0,-1796.9,0.0,625.0,0.0,-1796.9
GRIDCELL,912.5,162.5,0.0,25.0,25.0,25.0,0.0,-2380.7,0.0,751.3218,0.0,-2380.7
GRIDCELL,912.5,187.5,0.0,25.0,25.0,25.0,0.0,-900.3,0.0,565.6958,146.381,-900.3
GRIDCELL,912.5,212.5,0.0,25.0,25.0,25.0,0.0,0.0,0.0,18.0821,606.9179,0.0
GRIDCELL,912.5,237.5,0.0,25.0,25.0,25.0,0.0,0.0,0.0,95.3901,529.6099,0.0
GRIDCELL,912.5,262.5,0.0,25.0,25.0,25.0,0.0,0.0,0.0,586.5458,38.4542,0.0
GRIDCELL,912.5,287.5,0.0,25.0,25.0,25.0,0.0,0.0,0.0,571.5611,53.4389,0.0
GRIDCELL,912.5,312.5,0.0,25.0,25.0,25.0,0.0,0.0,0.0,500.0,125.0,0.0
GRIDCELL,912.5,337.5,0.0,25.0,25.0,25.0,0.0,0.0,0.0,625.0,0.0,0.0
GRIDCELL,937.5,12.500000000000002,0.0,25.0,25.0,25.0,0.0,0.0,0.0,362.2957,262.7043,0.0
GRIDCELL,937.5,37.5,0.0,25.0,25.0,25.0,0.0,0.0,0.0,611.557,13.443,0.0
GRIDCELL,937.5,62.5,0.0,25.0,25.0,25.0,0.0,0.0,1010.7,137.091,487.909,1010.7
GRIDCELL,937.5,87.5,0.0,25.0,25.0,25.0,0.0,-202.4,540.3,403.2641,596.7359,337.9
GRIDCELL,937.5,112.5,0.0,25.0,25.0,25.0,0.0,-1611.9,0.0,1000.0,0.0,-1611.9
GRIDCELL,937.5,137.5,0.0,25.0,25.0,25.0,0.0,-1502.1,0.0,625.0,0.0,-1502.1
GRIDCELL,937.5,162.5,0.0,25.0,25.0,25.0,0.0,-1981.2,0.0,881.5532,0.0,-1981.2
GRIDCELL,937.5,187.5,0.0,25.0,25.0,25.0,0.0,-522.6,0.0,648.3211,64.6355,-522.6
GRIDCELL,937.5,212.5,0.0,25.0,25.0,25.0,0.0,0.0,0.0,14.1971,610.8029,0.0
GRIDCELL,937.5,237.5,0.0,25.0,25.0,25.0,0.0,0.0,0.0,413.7487,211.2513,0.0
GRIDCELL,937.5,262.5,0.0,25.0,25.0,25.0,0.0,0.0,0.0,578.0127,46.9873,0.0
GRIDCELL,937.5,287.5,0.0,25.0,25.0,25.0,0.0,0.0,0.0,622.6679,2.3321,0.0
GRIDCELL,937.5,312.5,0.0,25.0,25.0,25.0,0.0,0.0,0.0,151.9692,473.0308,0.0
GRIDCELL,937.5,337.5,0.0,25.0,25.0,25.0,0.0,0.0,0.0,243.0657,381.9343,0.0
GRIDCELL,962.5,12.500000000000002,0.0,25.0,25.0,25.0,0.0,0.0,0.0,556.2298,68.7702,0.0
GRIDCELL,962.5,37.5,0.0,25.0,25.0,25.0,0.0,0.0,0.0,353.0632,271.9368,0.0
GRIDCELL,962.5,62.5,0.0,25.0,25.0,25.0,0.0,-86.8,113.1,441.5185,277.2314,26.299999999999997
GRIDCELL,962.5,87.5,0.0,25.0,25.0,25.0,0.0,-728.1,8.0,946.2099,53.7901,-720.1
GRIDCELL,962.5,112.5,0.0,25.0,25.0,25.0,0.0,-1091.0,0.0,1000.0,0.0,-1091.0
GRIDCELL,962.5,137.5,0.0,25.0,25.0,25.0,0.0,-900.9,0.0,624.2715,0.0,-900.9
GRIDCELL,962.5,162.5,0.0,25.0,25.0,25.0,0.0,-912.1,0.0,858.3333,0.0,-912.1
GRIDCELL,962.5,187.5,0.0,25.0,25.0,25.0,0.0,-62.4,0.0,512.4147,184.3403,-62.4
GRIDCELL,962.5,212.5,0.0,25.0,25.0,25.0,0.0,0.0,0.0,236.249,388.751,0.0
GRIDCELL,962.5,237.5,0.0,25.0,25.0,25.0,0.0,0.0,0.0,396.1227,228.8773,0.0
GRIDCELL,962.5,262.5,0.0,25.0,25.0,25.0,0.0,0.0,0.0,625.0,0.0,0.0
GRIDCELL,962.5,287.5,0.0,25.0,25.0,25.0,0.0,0.0,0.0,625.0,0.0,0.0
GRIDCELL,962.5,312.5,0.0,25.0,25.0,25.0,0.0,0.0,0.0,303.787,321.213,0.0
GRIDCELL,962.5,337.5,0.0,25.0,25.0,25.0,0.0,0.0,0.0,0.0,625.0,0.0
GRIDCELL,987.5,12.500000000000002,0.0,25.0,25.0,25.0,0.0,0.0,0.0,619.3102,5.6898,0.0
GRIDCELL,987.5,37.5,0.0,25.0,25.0,25.0,0.0,-3.6,0.0,471.4948,153.5052,-3.6
GRIDCELL,987.5,62.5,0.0,25.0,25.0,25.0,0.0,-374.7,0.0,616.5349,8.4651,-374.7
GRIDCELL,987.5,87.5,0.0,25.0,25.0,25.0,0.0,-406.5,8.9,916.8831,83.1169,-397.6
GRIDCELL,987.5,112.5,0.0,25.0,25.0,25.0,0.0,-98.1,480.9,314.5526,685.4474,382.79999999999995
GRIDCELL,987.5,137.5,0.0,25.0,25.0,25.0,0.0,-68.4,172.0,360.932,258.5882,103.6
GRIDCELL,987.5,162.5,0.0,25.0,25.0,25.0,0.0,-27.1,0.0,541.973,83.027,-27.1
GRIDCELL,987.5,187.5,0.0,25.0,25.0,25.0,0.0,0.0,0.0,337.9109,287.0891,0.0
GRIDCELL,987.5,212.5,0.0,25.0,25.0,25.0,0.0,0.0,0.0,289.6613,335.3387,0.0
GRIDCELL,987.5,237.5,0.0,25.0,25.0,25.0,0.0,0.0,0.0,496.6119,128.3881,0.0
GRIDCELL,987.5,262.5,0.0,25.0,25.0,25.0,0.0,0.0,0.0,625.0,0.0,0.0
GRIDCELL,987.5,287.5,0.0,25.0,25.0,25.0,0.0,0.0,0.0,625.0,0.0,0.0
GRIDCELL,987.5,312.5,0.0,25.0,25.0,25.0,0.0,0.0,0.0,287.6359,337.3641,0.0
GRIDCELL,987.5,337.5,0.0,25.0,25.0,25.0,0.0,0.0,0.0,14.4351,610.5649,0.0
GRIDCELL,1012.5,12.500000000000002,0.0,25.0,25.0,25.0,0.0,0.0,0.0,527.2136,97.7864,0.0
GRIDCELL,1012.5,37.5,0.0,25.0,25.0,25.0,0.0,-48.8,0.0,566.7488,58.2512,-48.8
GRIDCELL,1012.5,62.5,0.0,25.0,25.0,25.0,0.0,-236.7,18.1,535.1119,89.8881,-218.6
GRIDCELL,1012.5,87.5,0.0,25.0,25.0,25.0,0.0,-5.1,729.6,45.4752,954.5248,724.5
GRIDCELL,1012.5,112.5,0.0,25.0,25.0,25.0,0.0,0.0,2566.0,0.0,1000.0,2566.0
GRIDCELL,1012.5,137.5,0.0,25.0,25.0,25.0,0.0,0.0,1230.8,98.7741,526.2259,1230.8
GRIDCELL,1012.5,162.5,0.0,25.0,25.0,25.0,0.0,0.0,0.0,444.5912,180.4088,0.0
GRIDCELL,1012.5,187.5,0.0,25.0,25.0,25.0,0.0,0.0,0.0,404.8375,220.1625,0.0
GRIDCELL,1012.5,212.5,0.0,25.0,25.0,25.0,0.0,0.0,0.0,0.0,625.0,0.0
GRIDCELL,1012.5,237.5,0.0,25.0,25.0,25.0,0.0,0.0,0.0,156.0404,468.9596,0.0
GRIDCELL,1012.5,262.5,0.0,25.0,25.0,25.0,0.0,0.0,0.0,340.8854,284.1146,0.0
GRIDCELL,1012.5,287.5,0.0,25.0,25.0,25.0,0.0,0.0,0.0,625.0,0.0,0.0
GRIDCELL,1012.5,312.5,0.0,25.0,25.0,25.0,0.0,0.0,0.0,490.7194,134.2806,0.0
GRIDCELL,1012.5,337.5,0.0,25.0,25.0,25.0,0.0,0.0,0.0,611.0924,13.9076,0.0
GRIDCELL,1037.5,12.500000000000002,0.0,25.0,25.0,25.0,0.0,0.0,0.0,59.777,565.223,0.0
GRIDCELL,1037.5,37.5,0.0,25.0,25.0,25.0,0.0,-21.0,0.0,400.1034,224.8966,-21.0
GRIDCELL,1037.5,62.5,0.0,25.0,25.0,25.0,0.0,-62.4,184.1,310.5715,314.4285,121.69999999999999
GRIDCELL,1037.5,87.5,0.0,25.0,25.0,25.0,0.0,0.0,2209.9,0.0,1000.0,2209.9
GRIDCELL,1037.5,112.5,0.0,25.0,25.0,25.0,0.0,0.0,5225.5,0.0,1000.0,5225.5
GRIDCELL,1037.5,137.5,0.0,25.0,25.0,25.0,0.0,0.0,2852.4,23.692,601.308,2852.4
GRIDCELL,1037.5,162.5,0.0,25.0,25.0,25.0,0.0,0.0,0.7,509.7614,115.2386,0.7
GRIDCELL,1037.5,187.5,0.0,25.0,25.0,25.0,0.0,0.0,0.0,339.2013,285.7987,0.0
GRIDCELL,1037.5,212.5,0.0,25.0,25.0,25.0,0.0,0.0,0.0,345.6818,279.3182,0.0
GRIDCELL,1037.5,237.5,0.0,25.0,25.0,25.0,0.0,0.0,0.0,46.8715,578.1285,0.0
GRIDCELL,1037.5,262.5,0.0,25.0,25.0,25.0,0.0,0.0,0.0,12.5648,612.4352,0.0
GRIDCELL,1037.5,287.5,0.0,25.0,25.0,25.0,0.0,0.0,0.0,404.2178,220.7822,0.0
GRIDCELL,1037.5,312.5,0.0,25.0,25.0,25.0,0.0,0.0,0.0,625.0,0.0,0.0
GRIDCELL,1037.5,337.5,0.0,25.0,25.0,25.0,0.0,0.0,0.0,605.8149,19.1851,0.0
GRIDCELL,1062.5,12.500000000000002,0.0,25.0,25.0,25.0,0.0,0.0,0.0,487.9558,137.0442,0.0
GRIDCELL,1062.5,37.5,0.0,25.0,25.0,25.0,0.0,0.0,0.0,430.0871,194.9129,0.0
GRIDCELL,1062.5,62.5,0.0,25.0,25.0,25.0,0.0,0.0,704.0,202.4106,422.5894,704.0
GRIDCELL,1062.5,87.5,0.0,25.0,25.0,25.0,0.0,0.0,3959.6,0.0,1000.0,3959.6
GRIDCELL,1062.5,112.5,0.0,25.0,25.0,25.0,0.0,0.0,7719.6,0.0,1000.0,7719.6
GRIDCELL,1062.5,137.5,0.0,25.0,25.0,25.0,0.0,0.0,4943.2,0.0,625.0,4943.2
GRIDCELL,1062.5,162.5,0.0,25.0,25.0,25.0,0.0,0.0,131.1,53.5894,571.4106,131.1
GRIDCELL,1062.5,187.5,0.0,25.0,25.0,25.0,0.0,0.0,0.0,454.867,170.133,0.0
GRIDCELL,1062.5,212.5,0.0,25.0,25.0,25.0,0.0,0.0,0.0,234.5534,390.4466,0.0
GRIDCELL,1062.5,237.5,0.0,25.0,25.0,25.0,0.0,0.0,0.0,591.2188,33.7812,0.0
GRIDCELL,1062.5,262.5,0.0,25.0,25.0,25.0,0.0,0.0,0.0,175.5782,449.4218,0.0
GRIDCELL,1062.5,287.5,0.0,25.0,25.0,25.0,0.0,0.0,0.0,313.4686,311.5314,0.0
GRIDCELL,1062.5,312.5,0.0,25.0,25.0,25.0,0.0,0.0,0.0,625.0,0.0,0.0
GRIDCELL,1062.5,337.5,0.0,25.0,25.0,25.0,0.0,0.0,0.0,367.1688,257.8312,0.0
GRIDCELL,1087.5,12.500000000000002,0.0,25.0,25.0,25.0,0.0,0.0,0.0,368.3528,256.6472,0.0
GRIDCELL,1087.5,37.5,0.0,25.0,25.0,25.0,0.0,0.0,0.0,530.8706,94.1294,0.0
GRIDCELL,1087.5,62.5,0.0,25.0,25.0,25.0,0.0,0.0,1488.4,103.3897,521.6103,1488.4
GRIDCELL,1087.5,87.5,0.0,25.0,25.0,25.0,0.0,0.0,5810.3,0.0,1000.0,5810.3
GRIDCELL,1087.5,112.5,0.0,25.0,25.0,25.0,0.0,0.0,8314.2,0.0,1000.0,8314.2
GRIDCELL,1087.5,137.5,0.0,25.0,25.0,25.0,0.0,0.0,6477.3,0.0,625.0,6477.3
GRIDCELL,1087.5,162.5,0.0,25.0,25.0,25.0,0.0,0.0,579.4,186.431,438.569,579.4
GRIDCELL,1087.5,187.5,0.0,25.0,25.0,25.0,0.0,0.0,0.0,319.5985,305.4015,0.0
GRIDCELL,1087.5,212.5,0.0,25.0,25.0,25.0,0.0,0.0,0.0,609.3221,15.6779,0.0
GRIDCELL,1087.5,237.5,0.0,25.0,25.0,25.0,0.0,0.0,0.0,560.0962,64.9038,0.0
GRIDCELL,1087.5,262.5,0.0,25.0,25.0,25.0,0.0,0.0,0.0,426.1753,198.8247,0.0
GRIDCELL,1087.5,287.5,0.0,25.0,25.0,25.0,0.0,0.0,0.0,199.8929,425.1071,0.0
GRIDCELL,1087.5,312.5,0.0,25.0,25.0,25.0,0.0,0.0,0.0,625.0,0.0,0.0
GRIDCELL,1087.5,337.5,0.0,25.0,25.0,25.0,0.0,0.0,0.0,73.548,551.452,0.0
GRIDCELL,1112.5,12.500000000000002,0.0,25.0,25.0,25.0,0.0,0.0,0.0,75.2251,549.7749,0.0
GRIDCELL,1112.5,37.5,0.0,25.0,25.0,25.0,0.0,0.0,6.4,534.3619,90.6381,6.4
GRIDCELL,1112.5,62.5,0.0,25.0,25.0,25.0,0.0,0.0,3052.8,1.4703,623.5297,3052.8
GRIDCELL,1112.5,87.5,0.0,25.0,25.0,25.0,0.0,0.0,5444.4,0.0,775.0,5444.4
GRIDCELL,1112.5,112.5,0.0,25.0,25.0,25.0,0.0,0.0,6734.8,0.0,775.0,6734.8
GRIDCELL,1112.5,137.5,0.0,25.0,25.0,25.0,0.0,0.0,7568.6,0.0,625.0,7568.6
GRIDCELL,1112.5,162.5,0.0,25.0,25.0,25.0,0.0,0.0,1189.8,275.4299,349.5701,1189.8
GRIDCELL,1112.5,187.5,0.0,25.0,25.0,25.0,0.0,0.0,0.0,176.2469,448.7531,0.0
GRIDCELL,1112.5,212.5,0.0,25.0,25.0,25.0,0.0,0.0,0.0,530.1654,94.8346,0.0
GRIDCELL,1112.5,237.5,0.0,25.0,25.0,25.0,0.0,0.0,0.0,534.4659,90.5341,0.0
GRIDCELL,1112.5,262.5,0.0,25.0,25.0,25.0,0.0,0.0,0.0,484.4445,140.5555,0.0
GRIDCELL,1112.5,287.5,0.0,25.0,25.0,25.0,0.0,0.0,0.0,625.0,0.0,0.0
GRIDCELL,1112.5,312.5,0.0,25.0,25.0,25.0,0.0,0.0,0.0,66.0527,558.9473,0.0
GRIDCELL,1112.5,337.5,0.0,25.0,25.0,25.0,0.0,0.0,0.0,391.8379,233.1621,0.0
GRIDCELL,1137.5,12.500000000000002,0.0,25.0,25.0,25.0,0.0,0.0,0.0,9.3123,615.6877,0.0
GRIDCELL,1137.5,37.5,0.0,25.0,25.0,25.0,0.0,0.0,305.9,280.4375,344.5625,305.9
GRIDCELL,1137.5,62.5,0.0,25.0,25.0,25.0,0.0,0.0,5385.9,0.0,625.0,5385.9
GRIDCELL,1137.5,87.5,0.0,25.0,25.0,25.0,0.0,0.0,6068.8,0.0,625.0,6068.8
GRIDCELL,1137.5,112.5,0.0,25.0,25.0,25.0,0.0,0.0,6097.1,0.0,625.0,6097.1
GRIDCELL,1137.5,137.5,0.0,25.0,25.0,25.0,0.0,0.0,7415.3,0.0,625.0,7415.3
GRIDCELL,1137.5,162.5,0.0,25.0,25.0,25.0,0.0,0.0,1508.5,33.8772,591.1228,1508.5
GRIDCELL,1137.5,187.5,0.0,25.0,25.0,25.0,0.0,0.0,0.0,26.5053,598.4947,0.0
GRIDCELL,1137.5,212.5,0.0,25.0,25.0,25.0,0.0,0.0,0.0,0.0,625.0,0.0
GRIDCELL,1137.5,237.5,0.0,25.0,25.0,25.0,0.0,0.0,0.0,83.8054,541.1946,0.0
GRIDCELL,1137.5,262.5,0.0,25.0,25.0,25.0,0.0,0.0,0.0,463.391,161.609,0.0
GRIDCELL,1137.5,287.5,0.0,25.0,25.0,25.0,0.0,0.0,0.0,91.8528,533.1472,0.0
GRIDCELL,1137.5,312.5,0.0,25.0,25.0,25.0,0.0,0.0,0.0,612.2639,12.7361,0.0
GRIDCELL,1137.5,337.5,0.0,25.0,25.0,25.0,0.0,0.0,0.0,541.6251,83.3749,0.0
GRIDCELL,1162.5,12.500000000000002,0.0,25.0,25.0,25.0,0.0,0.0,0.0,10.1578,785.934,0.0
GRIDCELL,1162.5,37.5,0.0,25.0,25.0,25.0,0.0,0.0,967.7,230.7326,394.2674,967.7
GRIDCELL,1162.5,62.5,0.0,25.0,25.0,25.0,0.0,0.0,7322.3,0.0,625.0,7322.3
GRIDCELL,1162.5,87.5,0.0,25.0,25.0,25.0,0.0,0.0,7941.4,0.0,625.0,7941.4
GRIDCELL,1162.5,112.5,0.0,25.0,25.0,25.0,0.0,0.0,8040.7,0.0,625.0,8040.7
GRIDCELL,1162.5,137.5,0.0,25.0,25.0,25.0,0.0,0.0,8795.0,0.0,625.0,8795.0
GRIDCELL,1162.5,162.5,0.0,25.0,25.0,25.0,0.0,0.0,2204.3,114.8488,510.1512,2204.3
GRIDCELL,1162.5,187.5,0.0,25.0,25.0,25.0,0.0,0.0,0.0,185.9427,439.0573,0.0
GRIDCELL,1162.5,212.5,0.0,25.0,25.0,25.0,0.0,0.0,0.0,110.734,514.266,0.0
GRIDCELL,1162.5,237.5,0.0,25.0,25.0,25.0,0.0,0.0,0.0,306.6758,318.3242,0.0
GRIDCELL,1162.5,262.5,0.0,25.0,25.0,25.0,0.0,0.0,0.0,68.4134,556.5866,0.0
GRIDCELL,1162.5,287.5,0.0,25.0,25.0,25.0,0.0,0.0,0.0,170.661,454.339,0.0
GRIDCELL,1162.5,312.5,0.0,25.0,25.0,25.0,0.0,0.0,0.0,625.0,0.0,0.0
GRIDCELL,1162.5,337.5,0.0,25.0,25.0,25.0,0.0,0.0,0.0,608.139,16.861,0.0
GRIDCELL,1187.5,12.500000000000002,0.0,25.0,25.0,25.0,0.0,0.0,0.0,1078.4696,151.9687,0.0
GRIDCELL,1187.5,37.5,0.0,25.0,25.0,25.0,0.0,0.0,630.3,465.0219,408.6074,630.3
GRIDCELL,1187.5,62.5,0.0,25.0,25.0,25.0,0.0,0.0,3240.3,34.9454,631.0744,3240.3
GRIDCELL,1187.5,87.5,0.0,25.0,25.0,25.0,0.0,0.0,3235.3,101.7725,574.1137,3235.3
GRIDCELL,1187.5,112.5,0.0,25.0,25.0,25.0,0.0,0.0,3591.8,41.4463,605.3657,3591.8
GRIDCELL,1187.5,137.5,0.0,25.0,25.0,25.0,0.0,0.0,4652.2,0.0,625.0,4652.2
GRIDCELL,1187.5,162.5,0.0,25.0,25.0,25.0,0.0,0.0,1203.0,82.9155,767.4392,1203.0
GRIDCELL,1187.5,187.5,0.0,25.0,25.0,25.0,0.0,0.0,0.0,505.7581,174.4513,0.0
GRIDCELL,1187.5,212.5,0.0,25.0,25.0,25.0,0.0,0.0,0.0,468.7744,156.2256,0.0
GRIDCELL,1187.5,237.5,0.0,25.0,25.0,25.0,0.0,0.0,0.0,128.4544,526.0621,0.0
GRIDCELL,1187.5,262.5,0.0,25.0,25.0,25.0,0.0,0.0,0.0,596.496,171.7322,0.0
GRIDCELL,1187.5,287.5,0.0,25.0,25.0,25.0,0.0,0.0,0.0,550.3626,178.6188,0.0
GRIDCELL,1187.5,312.5,0.0,25.0,25.0,25.0,0.0,0.0,0.0,20.3832,605.2783,0.0
GRIDCELL,1187.5,337.5,0.0,25.0,25.0,25.0,0.0,0.0,0.0,349.2798,275.7202,0.0
GRIDCELL,1212.5,12.500000000000002,0.0,25.0,25.0,25.0,0.0,0.0,0.0,566.8159,598.1837,0.0
GRIDCELL,1212.5,37.5,0.0,25.0,25.0,25.0,0.0,0.0,0.0,800.1756,324.5904,0.0
GRIDCELL,1212.5,62.5,0.0,25.0,25.0,25.0,0.0,0.0,0.0,972.1968,277.8032,0.0
GRIDCELL,1212.5,87.5,0.0,25.0,25.0,25.0,0.0,0.0,0.0,1099.5683,150.4317,0.0
GRIDCELL,1212.5,112.5,0.0,25.0,25.0,25.0,0.0,0.0,0.3,297.0417,950.6749,0.3
GRIDCELL,1212.5,137.5,0.0,25.0,25.0,25.0,0.0,0.0,60.9,1035.4613,140.3695,60.9
GRIDCELL,1212.5,162.5,0.0,25.0,25.0,25.0,0.0,0.0,1.0,1015.5564,231.8148,1.0
GRIDCELL,1212.5,187.5,0.0,25.0,25.0,25.0,0.0,0.0,0.0,1099.6298,104.2217,0.0
GRIDCELL,1212.5,212.5,0.0,25.0,25.0,25.0,0.0,0.0,0.0,1072.8611,0.0,0.0
GRIDCELL,1212.5,237.5,0.0,25.0,25.0,25.0,0.0,0.0,0.0,370.4052,864.8321,0.0
GRIDCELL,1212.5,262.5,0.0,25.0,25.0,25.0,0.0,0.0,0.0,801.8699,448.1301,0.0
GRIDCELL,1212.5,287.5,0.0,25.0,25.0,25.0,0.0,0.0,0.0,896.4987,353.5013,0.0
GRIDCELL,1212.5,312.5,0.0,25.0,25.0,25.0,0.0,0.0,0.0,791.7514,309.8165,0.0
GRIDCELL,1212.5,337.5,0.0,25.0,25.0,25.0,0.0,0.0,0.0,363.8652,625.2422,0.0
GRIDCELL,1237.5,12.500000000000002,0.0,25.0,25.0,25.0,0.0,0.0,0.0,263.5773,962.0366,0.0
GRIDCELL,1237.5,37.5,0.0,25.0,25.0,25.0,0.0,0.0,0.0,531.8031,682.6392,0.0
GRIDCELL,1237.5,62.5,0.0,25.0,25.0,25.0,0.0,0.0,0.0,1174.3889,75.6111,0.0
GRIDCELL,1237.5,87.5,0.0,25.0,25.0,25.0,0.0,0.0,0.0,1240.3136,9.6864,0.0
GRIDCELL,1237.5,112.5,0.0,25.0,25.0,25.0,0.0,0.0,0.0,1035.602,214.398,0.0
GRIDCELL,1237.5,137.5,0.0,25.0,25.0,25.0,0.0,0.0,0.0,1004.2554,245.7446,0.0
GRIDCELL,1237.5,162.5,0.0,25.0,25.0,25.0,0.0,0.0,0.0,488.7555,761.2445,0.0
GRIDCELL,1237.5,187.5,0.0,25.0,25.0,25.0,0.0,0.0,0.0,612.7703,637.2297,0.0
GRIDCELL,1237.5,212.5,0.0,25.0,25.0,25.0,0.0,0.0,0.0,732.2821,517.7179,0.0
GRIDCELL,1237.5,237.5,0.0,25.0,25.0,25.0,0.0,0.0,0.0,889.7904,360.2096,0.0
GRIDCELL,1237.5,262.5,0.0,25.0,25.0,25.0,0.0,0.0,0.0,750.6913,499.3087,0.0
GRIDCELL,1237.5,287.5,0.0,25.0,25.0,25.0,0.0,0.0,0.0,1013.4776,236.5224,0.0
GRIDCELL,1237.5,312.5,0.0,25.0,25.0,25.0,0.0,0.0,0.0,180.0399,1069.9601,0.0
GRIDCELL,1237.5,337.5,0.0,25.0,25.0,25.0,0.0,0.0,0.0,804.8853,445.1147,0.0
GRIDCELL,1262.5,12.500000000000002,0.0,25.0,25.0,25.0,0.0,0.0,0.0,0.0,1250.0,0.0
GRIDCELL,1262.5,37.5,0.0,25.0,25.0,25.0,0.0,0.0,0.0,117.9417,1001.5238,0.0
GRIDCELL,1262.5,62.5,0.0,25.0,25.0,25.0,0.0,0.0,0.0,821.6486,194.2692,0.0
GRIDCELL,1262.5,87.5,0.0,25.0,25.0,25.0,0.0,0.0,0.0,400.7242,772.599,0.0
GRIDCELL,1262.5,112.5,0.0,25.0,25.0,25.0,0.0,0.0,0.0,1245.7751,4.2249,0.0
GRIDCELL,1262.5,137.5,0.0,25.0,25.0,25.0,0.0,0.0,0.0,589.9523,660.0477,0.0
GRIDCELL,1262.5,162.5,0.0,25.0,25.0,25.0,0.0,0.0,0.0,0.0,1134.6006,0.0
GRIDCELL,1262.5,187.5,0.0,25.0,25.0,25.0,0.0,0.0,0.0,1115.1956,100.3227,0.0
GRIDCELL,1262.5,212.5,0.0,25.0,25.0,25.0,0.0,0.0,0.0,493.3137,756.6863,0.0
GRIDCELL,1262.5,237.5,0.0,25.0,25.0,25.0,0.0,0.0,0.0,974.1537,268.0567,0.0
GRIDCELL,1262.5,262.5,0.0,25.0,25.0,25.0,0.0,0.0,0.0,502.6003,603.2475,0.0
GRIDCELL,1262.5,287.5,0.0,25.0,25.0,25.0,0.0,0.0,0.0,747.8926,362.7998,0.0
GRIDCELL,1262.5,312.5,0.0,25.0,25.0,25.0,0.0,0.0,0.0,877.3199,173.1756,0.0
GRIDCELL,1262.5,337.5,0.0,25.0,25.0,25.0,0.0,0.0,0.0,166.068,795.4165,0.0
